Abeti et les Redoutables	Congo Funk! - Sound Madness From The Shores Of The Mighty Congo River (Kinshasa/​​Brazzaville 1969​-​1982)	no_match	
Aborted at Line 6	Intenta: Experimental & Electronic Music from Switzerland 1981-93	no_match	
Admiral Dele Abiodun & His Top Hitters International	Nigeria 70 - Sweet Times - Afro-Funk, Highlife & Juju From 1970s Lagos	no_match	
Adrianne Lenker	TRANSA	no_match	
African Fiesta Sukisa	Congo Revolution	no_match	
African Jazz	Congo Revolution	no_match	
Afro Cult Foundation	Nigeria 70: The Definitive Story of 1970s Funky Lagos	no_match	
Ahmad Jamal Trio	The Awakening [MCA Impulse! MCAD-5644 JVC-464]	no_match	
Air	Lost In Translation (Music From The Motion Picture Soundtrack)	no_match	
Air Project 	Intenta: Experimental & Electronic Music from Switzerland 1981-93	no_match	
Airport People	LP Masters	no_match	
Akio / Okihide	Virtual Dreams II - Ambient Explorations In The House & Techno Age, Japan 1993-1999	no_match	
Akira Inoue, Hiroshi Sato, Masataka Matsutoya	Pacific Breeze: Japanese City Pop, AOR & Boogie 1976-1986	no_match	
Akira Rabelais	Avalon Sutra	no_match	
Alan Palomo feat. Flore Benguigui	World of Hassle	no_match	
Alan Palomo feat. Mac DeMarco	World of Hassle	no_match	
Albert King	Stax Christmas	no_match	
Alec André Ruvalcaba	Musicians for a Free Palestine	no_match	
Alejandro Franov	Dinner Music For Clubbers: Peter Grummich Plays Staubgold	no_match	
Alex and the Moondaze	Musicians for a Free Palestine	no_match	
Ali Chukwumah & His Peace Makers International	Nigeria 70 - Sweet Times - Afro-Funk, Highlife & Juju From 1970s Lagos	no_match	
Ali Dineen	Musicians for a Free Palestine	no_match	
Allegra Krieger	Circles	no_match	
Allison Russell & Ahya Simone	TRANSA	no_match	
Amanda Whiting feat. Chip Wickham	The Liminality of Her (Deluxe Edition)	no_match	
Ambient 7	Virtual Dreams II - Ambient Explorations In The House & Techno Age, Japan 1993-1999	no_match	
Amiina	Ágætis byrjun (A Good Beginning) [20th Anniversary Deluxe Edition]	no_match	
Amor de Dias	The House in the Sea	no_match	
Ana Roxanne & Nsámbu Za Suékama	TRANSA	no_match	
Anajah & Gary Gunn	TRANSA	no_match	
Andreas Hofer 	Intenta: Experimental & Electronic Music from Switzerland 1981-93	no_match	
Andrew Hill	Blue Note 75 (75th Anniversary MQS Collection)	no_match	
Andrew Pekler	Dinner Music For Clubbers: Peter Grummich Plays Staubgold	no_match	
André 3000	TRANSA	no_match	
Angela Alexander & J. D. Saddler	Boddie Recording Company: Cleveland, Ohio (Disc 1: Soul Kitchen)	no_match	
Animal Collective	Fall Be Kind	fetch_error	404 Client Error: Not Found for url: https://api.discogs.com/releases/2068601
Ann Annie	El Prado	no_match	
Anri	Pacific Breeze Volume 2: Japanese City Pop, AOR & Boogie 1972-1986	no_match	
Anthony Renfro	Eccentric Soul: The Renfro Label	no_match	
Aphex Twin	Blackbox Life Recorder 21f / In A Room7 F760 EP	no_match	
Archetype	Trace Elements Vol. 3	no_match	
Archy Marshall (feat. Jamie Isaac)	A New Place 2 Drown	no_match	
Ariana Grande feat Lil Wayne	Dangerous Woman	no_match	
Ariana Grande feat Macy Gray	Dangerous Woman	no_match	
Ariana Grande feat Nicki Minaj	Dangerous Woman	no_match	
Ariana Grande feat. Missy Elliott	Sweetener	no_match	
Ariana Grande feat. Nicki Minaj	Sweetener	no_match	
Ariana Grande feat. Pharrell Williams	Sweetener	no_match	
Armageddon Experimental Band	Program 2: Electric Musings from the Hoosier Flatlands & Other Distant Zones	no_match	
Art Blakey & The Jazz Messengers	Blue Note 75 (75th Anniversary MQS Collection)	no_match	
Art Blakey and The Jazz Messengers	Blue Note 75 (75th Anniversary MQS Collection)	no_match	
Art Ensemble Of Chicago	Soul Of A Nation 2 (Jazz Is The Teacher Funk Is The Preacher: Afro-Centric Jazz, Street Funk And The Roots Of Rap In The Black Power Era 1969-75)	no_match	
Artche	Quattro III - Soundscape	no_match	
Arthur Baker	TRANSA	no_match	
Ashanti Afrika Jah	Nigeria 70: Lagos Jump - Original Heavyweight Afrobeat Highlife & Afro-Funk	no_match	
Asher White, Eli Winter, & Caroline Rose	TRANSA	no_match	
Associated Press	Eccentric Soul: Capitol City Soul	no_match	
Atsuko Nina	Pacific Breeze 3: Japanese City Pop, AOR & Boogie 1975-1986	no_match	
Aubrey Fry	Quattro III - Redux	no_match	
Aubrey Fry	Quattro III - Soundscape	no_match	
Aubrey Fry 	Quattro III - Redux	no_match	
Augustus Pablo	King Tubbys Meets Rockers Uptown [Jet Star/Rockers Intl CDRP 005]	no_match	
Aunt Katrina	This Heat is Slowly Killing Me	no_match	
Automatic	Soul Jazz Records Presents Two Synths A Guitar (And) A Drum Machine - Post Punk Dance Vol.1	no_match	
Automelodi	Holodeck Vision One	no_match	
Ava Luna	Ava Luna performs....Serge Gainsbourg's Histoire de Melody Nelson	no_match	
Ava Max	Barbie the Album (Best Weekend Ever Edition)	no_match	
Awakening	Maybe I'm Dreaming	no_match	
Azymuth	Welcome 2 Detroit - The 20th Anniversary Edition	no_match	
B - Vision & Dimitri Nakov	Quattro III - Breaks	no_match	
BEAK>	>> (Bonus tracks) [Invada, INV107SP]	no_match	
BEAK>	>> [Invada, INV107SP]	no_match	
Babehoven	Musicians for a Free Palestine	no_match	
Baby Huey	Soul Of A Nation 2 (Jazz Is The Teacher Funk Is The Preacher: Afro-Centric Jazz, Street Funk And The Roots Of Rap In The Black Power Era 1969-75)	no_match	
Babylon Timewarp	Soul Jazz Records presents BLACK RIOT: Early Jungle, Rave and Hardcore	no_match	
Bala Miller & The Great Music Pirameeds of Afrika	Nigeria 70: The Definitive Story of 1970s Funky Lagos	no_match	
Balkans	Demos and Outtakes (2009 - 2010)	no_match	
Banco De Gaia	π - Music For The Motion Picture	no_match	
Barbara Stant	Eccentric Northern Soul	no_match	
Barracuda	Maybe I'm Dreaming	no_match	
Barrie	Like Someone I Know: A Celebration of Margo Guryan	no_match	
Bartees Strange, Anjimile, & Kara Jackson	TRANSA	no_match	
Beak>	>>>	no_match	
Beak>	>>>>	no_match	
Beat Awfuls	Banana Appeal	no_match	
Becker & Mukai	Soul Jazz Records Presents Two Synths A Guitar (And) A Drum Machine - Post Punk Dance Vol.1	no_match	
Bedouin Ascent	Virtual Dreams: Ambient Explorations In The House & Techno Age, 1993-1997	no_match	
Bedouine	Like Someone I Know: A Celebration of Margo Guryan	no_match	
Bedrock	Quattro III - Redux	no_match	
Bells of Kyoto 	Intenta: Experimental & Electronic Music from Switzerland 1981-93	no_match	
Ben Hinds	Christmas Dreamers: Yuletide Country (1960-1972)	no_match	
Ben Lumsdaine	Program 2: Electric Musings from the Hoosier Flatlands & Other Distant Zones	no_match	
Benet & Faye Webster	TRANSA	no_match	
Berliner Philharmoniker, Sir Simon Rattle	The Planets - Asteroids - Disc 01	no_match	
Berliner Philharmoniker, Sir Simon Rattle	The Planets - Asteroids - Disc 02	no_match	
Betty & Angel	Eccentric Soul: The Way Out Label (Disc A)	no_match	
Beyoncé	AMERICA HAS A PROBLEM (feat. Kendrick Lamar)	no_match	
Beyoncé	Beyoncé: Platinum Edition	no_match	
Beyoncé & Alejandro Fernández	B'Day	no_match	
Beyoncé feat. André 3000	4 (Qobuz Studio Masters)	no_match	
Beyoncé feat. BEAM	RENAISSANCE (Explicit Version)	no_match	
Beyoncé feat. Big Boi and Sleepy Brown	Dangerously in Love	no_match	
Beyoncé feat. Grace Jones & Tems	RENAISSANCE (Explicit Version)	no_match	
Beyoncé feat. Jay-Z	B'Day	no_match	
Beyoncé feat. Jay-Z	Dangerously in Love	no_match	
Beyoncé feat. Luther Vandross	Dangerously in Love	no_match	
Beyoncé feat. Missy Elliott	Dangerously in Love	no_match	
Beyoncé feat. Sean Paul	Dangerously in Love	no_match	
Bill Callahan	Let's Move to the Country	no_match	
Bill Converse	Holodeck Vision One	no_match	
Bill Evans Quintet	Interplay - DCC 24kt Gold 1996	no_match	
Billie Eilish	Barbie the Album (Best Weekend Ever Edition)	no_match	
Billie Eilish	HIT ME HARD AND SOFT	fetch_error	404 Client Error: Not Found for url: https://api.discogs.com/releases/30709133
Billy Egr	Christmas Dreamers: Yuletide Country (1960-1972)	no_match	
Billy F Gibbons	May the Circle Remain Unbroken: a Tribute to Roky Erickson	no_match	
Billy Foster & Audio	Skyway Soul: Gary, Indiana	no_match	
Bird of Paradigm	Musicians for a Free Palestine	no_match	
Black Deer	Soul Jazz Records Presents Two Synths A Guitar (And) A Drum Machine - Post Punk Dance Vol.1	no_match	
Black Sabbath	Black Sabbath (2012 SHM-SACD)	no_match	
Black Sabbath	Black Sabbath Vol.4 (2012 SHM-SACD)	no_match	
Black Sabbath	Master Of Reality (2011 SHM-SACD)	no_match	
Black Sabbath	Master of Reality [Sanctuary 2701106 DLX]	no_match	
Blithe Field	Hymn for Anyone	no_match	
Blitzen Trapper	Wild Mountain Nation [Lidkercow Records]	no_match	
Blo	Nigeria 70: The Definitive Story of 1970s Funky Lagos	no_match	
Bo & The Metros	Boddie Recording Company: Cleveland, Ohio (Disc 1: Soul Kitchen)	no_match	
Bob & Fred	Eccentric Northern Soul	no_match	
Bob B. Soxx & the Blue Jeans	A Christmas Gift for You from Phil Spector	no_match	
Bobby Hodge	Christmas Dreamers: Yuletide Country (1960-1972)	no_match	
Bobby Hutcherson	Blue Note 75 (75th Anniversary MQS Collection)	no_match	
Bobby Wade	Eccentric Soul: The Way Out Label (Disc A)	no_match	
Bobby Wade	Eccentric Soul: The Way Out Label (Disc B)	no_match	
Bobby Wisdom	Eccentric Soul: The Renfro Label	no_match	
Bola Johnson & His Easy Life Top Beats	Nigeria 70 - Sweet Times - Afro-Funk, Highlife & Juju From 1970s Lagos	no_match	
Bola Johnson & His Easy Life Top Beats	Nigeria 70: Lagos Jump - Original Heavyweight Afrobeat Highlife & Afro-Funk	no_match	
Bong Wish	Musicians for a Free Palestine	no_match	
Bongos Ikwue	Nigeria 70: The Definitive Story of 1970s Funky Lagos	no_match	
Booker T. & The M.G.'s	Stax Christmas	no_match	
Brandi Carlile & Catherine Carlile	Barbie the Album (Best Weekend Ever Edition)	no_match	
Brandon Spaulding	Program 2: Electric Musings from the Hoosier Flatlands & Other Distant Zones	no_match	
Bread & Butter	Pacific Breeze Volume 2: Japanese City Pop, AOR & Boogie 1972-1986	no_match	
Brendan Eder Ensemble, Yorkshire Modular Society	I / II / III	no_match	
Brian Freel	Maybe I'm Dreaming	no_match	
Brian Green	Impressions For Headphones	no_match	
Brian Reitzell & Roger J. Manning Jr	Lost In Translation (Music From The Motion Picture Soundtrack)	no_match	
Brogan Bentley	May the Circle Remain Unbroken: a Tribute to Roky Erickson	no_match	
Brother Bill	Boddie Recording Company: Cleveland Ohio (Disc 3: Bounty Records)	no_match	
Brothers Young	Eccentric Soul: The Renfro Label	no_match	
Bud Powell	Blue Note 75 (75th Anniversary MQS Collection)	no_match	
Buddhastick Transparent	Virtual Dreams II - Ambient Explorations In The House & Techno Age, Japan 1993-1999	no_match	
Buddy McKnight	Eccentric Soul: The Renfro Label	no_match	
Busta Rhymes	Extiction Level Event: The Final World Front	no_match	
Byron Morris And Unity	Soul Of A Nation 2 (Jazz Is The Teacher Funk Is The Preacher: Afro-Centric Jazz, Street Funk And The Roots Of Rap In The Black Power Era 1969-75)	no_match	
CN	DJ-Kicks: Jessy Lanza	no_match	
Camera	Synthesist (40th Anniversary Edition)	no_match	
Cannonball Adderley	Blue Note 75 (75th Anniversary MQS Collection)	no_match	
Cantoma	Balearic Breakfast Vol:1	no_match	
Cantoma	out of town	fetch_error	404 Client Error: Not Found for url: https://api.discogs.com/releases/6245028
Cantoma feat. Bing Ji Ling	Just Landed	no_match	
Cantoma feat. Brenda Ray	Just Landed	no_match	
Cantoma feat. Danny Rampling	Just Landed	no_match	
Cantoma feat. Javier Bergia	Just Landed	no_match	
Cantoma feat. Suad Khalifa	Just Landed	no_match	
Caoilfhionn Rose	Balearic Breakfast Vol:1	no_match	
Captain Mustache	Quattro III - Redux	no_match	
Captain Mustache ft. Davina	Quattro III - Redux	no_match	
Carl Henderson	Eccentric Northern Soul	no_match	
Carl Henderson	Eccentric Soul: The Renfro Label	no_match	
Carla Thomas	Stax Christmas	no_match	
Carlos Garnett	Soul Jazz Records Presents Soul Of A Nation: Afro-Centric Visions in the Age of Black Power - Underground Jazz, Street Funk & The Roots of Rap 1968-79	no_match	
Carlos Perón	Intenta: Experimental & Electronic Music from Switzerland 1981-93	no_match	
Carol Rich	Intenta: Experimental & Electronic Music from Switzerland 1981-93	no_match	
Cass McCombs feat. Karen Black	Big Wheel and Others	no_match	
Cassandra Jenkins	Musicians for a Free Palestine	no_match	
Cassandra Jenkins, Bloomsday, & Babehoven	TRANSA	no_match	
Cassandra Wilson	Blue Note 75 (75th Anniversary MQS Collection)	no_match	
Cazo	Musicians for a Free Palestine	no_match	
Cecil Taylor	Blue Note 75 (75th Anniversary MQS Collection)	no_match	
Cecil Wary	Scoop	no_match	
Chandlers	Eccentric Soul: Capitol City Soul	no_match	
Charles Manier	Soul Jazz Records Presents Two Synths A Guitar (And) A Drum Machine - Post Punk Dance Vol.1	no_match	
Charles Mingus	Mingus Ah Um (2019 MFSL Hybrid SACD)	no_match	
Charles Mingus	The Black Saint And The Sinner Lady (2011 AP Hybrid SACD)	no_match	
Charli XCX	Hot Girl (Bodies Bodies Bodies)	no_match	
Charli XCX feat. Alma & Tove Lo	Pop 2	no_match	
Charli XCX feat. Brooke Candy, CupcakKe & Pabllo Vittar	Pop 2	no_match	
Charli XCX feat. Carly Rae Jepsen	Pop 2	no_match	
Charli XCX feat. Caroline Polachek	Pop 2	no_match	
Charli XCX feat. Jay Park & Kim Petras	Pop 2	no_match	
Charli XCX feat. Mykki Blanco & Dorian Electra	Pop 2	no_match	
Charli XCX feat. Tommy Cash	Pop 2	no_match	
Charli Xcx	Charli	fetch_error	404 Client Error: Not Found for url: https://api.discogs.com/releases/14538915
Charlie Dark	Nigeria 70: The Definitive Story of 1970s Funky Lagos	no_match	
Charlie Stewart	Christmas Dreamers: Yuletide Country (1960-1972)	no_match	
Cheery	Musicians for a Free Palestine	no_match	
Chelsey Lee Trejo	Musicians for a Free Palestine	no_match	
Chief Checker	Nigeria 70: Lagos Jump - Original Heavyweight Afrobeat Highlife & Afro-Funk	no_match	
Chief Commander Ebenezer Obey & His International Brothers	Nigeria 70 - Sweet Times - Afro-Funk, Highlife & Juju From 1970s Lagos	no_match	
Chiemi Manabe	Pacific Breeze 3: Japanese City Pop, AOR & Boogie 1975-1986	no_match	
Chris Thompson and Richard Burton	Jeff Wayne's Musical Version of The War of the Worlds	no_match	
Christian Wolff	SYR 4: Goodbye 20th Century	no_match	
Christoph Spendel Group	Maybe I'm Dreaming	no_match	
Chu Kosaka	Pacific Breeze 3: Japanese City Pop, AOR & Boogie 1975-1986	no_match	
Circulation	Quattro III - Breaks	no_match	
Circulation	Quattro III - Soundscape	no_match	
Cix Bits	Stax Christmas	no_match	
Clairo	Like Someone I Know: A Celebration of Margo Guryan	no_match	
Clarity	TRANSA	no_match	
Claudine Chirac 	Intenta: Experimental & Electronic Music from Switzerland 1981-93	no_match	
Claudya aka Masaya	QuattroIII - Tempo	no_match	
Clete Stallbaumer	Maybe I'm Dreaming	no_match	
Cleveland Golden Echoes	Boddie Recording Company: Cleveland Ohio (Disc 3: Bounty Records)	no_match	
Clint Mansell	π - Music For The Motion Picture	no_match	
Cole Pulice	Strawberry Roan	no_match	
Cole Pulice & Hunter Schafer	TRANSA	no_match	
Coltrane, John	With The Red Garland Trio	no_match	
Common feat. Bilal	Like Water for Chocolate	no_match	
Common feat. Bilal & Jill Scott	Like Water for Chocolate	no_match	
Common feat. Bilal & MC Lyte	Like Water for Chocolate	no_match	
Common feat. Cee‐Lo	Like Water for Chocolate	no_match	
Common feat. D’Angelo	Like Water for Chocolate	no_match	
Common feat. Lonnie “Pops” Lynn	Like Water for Chocolate	no_match	
Common feat. Mos Def	Like Water for Chocolate	no_match	
Common feat. Rahzel, Roy Hargrove & Black Thought	Like Water for Chocolate	no_match	
Common feat. Slum Village	Like Water for Chocolate	no_match	
Common feat. Vinia Mojica, Roy Hargrove & Femi Kuti	Like Water for Chocolate	no_match	
Conjunto Rumbavana	Cuba: Music and Revolution - Culture Clash In Havana Cuba - Experiments in Latin Music 1975-85 Vol. 1	no_match	
Context Clues	Program 2: Electric Musings from the Hoosier Flatlands & Other Distant Zones	no_match	
Cornelius Cardew	SYR 4: Goodbye 20th Century	no_match	
Cotillion	 Personal Space: Electronic Soul 1974-1984	no_match	
Coulibaly Tidiane & Dafra Star	Bobo Yéyé: Belle Epoque in Upper Volta	no_match	
Creations Unlimited	Boddie Recording Company: Cleveland, Ohio (Disc 1: Soul Kitchen)	no_match	
Crustation	Moon Safari (25th Anniversary)	no_match	
Crystal	DJ-Kicks: Jessy Lanza	no_match	
Curtis Mayfield	Curtis [MFSL UDCD 781]	no_match	
Curved Light	Holodeck Vision One	no_match	
Czern	Program 2: Electric Musings from the Hoosier Flatlands & Other Distant Zones	no_match	
D'Angelo	Black Messiah	no_match	
D'Angelo	Brown Sugar [Disc 1]	no_match	
D'Angelo	Brown Sugar [Disc 2]	no_match	
D-Sire	Intenta: Experimental & Electronic Music from Switzerland 1981-93	no_match	
D. Strange	Program 2: Electric Musings from the Hoosier Flatlands & Other Distant Zones	no_match	
DAC Crowell	Trace Elements Vol. 3	no_match	
DJ Dubplate	Soul Jazz Records presents BLACK RIOT: Early Jungle, Rave and Hardcore	no_match	
DJ Krome; Mr. Time	Soul Jazz Records presents BLACK RIOT: Early Jungle, Rave and Hardcore	no_match	
DJ SWISHA	DJ-Kicks: Jessy Lanza	no_match	
DJ Spookie	DJ-Kicks: Jessy Lanza	no_match	
DNA Presents	Quattro III - Breaks	no_match	
DNA presents	Quattro III - Soundscape	no_match	
DNA presents	QuattroIII - Tempo	no_match	
DRAWING FUTURE LIFE	Virtual Dreams II - Ambient Explorations In The House & Techno Age, Japan 1993-1999	no_match	
Dallas Acid	Holodeck Vision One	no_match	
Damak	"If You're Going to San Francisco..." Damak Live	no_match	
Damak	Tarseer Sessions	no_match	
Daniel Johnston	Don't Be Scared (1982)	no_match	
Daniel Johnston	Hi, How Are You (1983)	no_match	
Darlene Love	A Christmas Gift for You from Phil Spector	no_match	
Dave Brubeck Quartet	Time Out (2012 AP Hybrid SACD)	no_match	
David Essex and Richard Burton	Jeff Wayne's Musical Version of The War of the Worlds	no_match	
David Holmes	π - Music For The Motion Picture	no_match	
David Mcknight	Soul Jazz Records Presents Soul Of A Nation: Afro-Centric Visions in the Age of Black Power - Underground Jazz, Street Funk & The Roots of Rap 1968-79	no_match	
David Moufang	Virtual Dreams: Ambient Explorations In The House & Techno Age, 1993-1997	no_match	
David Owens	Maybe I'm Dreaming	no_match	
Davide Squillace + Nolan	Quattro III - Soundscape	no_match	
Dayton Exchange	Program 2: Electric Musings from the Hoosier Flatlands & Other Distant Zones	no_match	
De La Soul	Stakes Is High [Tommy Boy TBCD 1149]	no_match	
De La Soul feat. Jungle Brothers, Phife Dawg & Q-Tip	3 Feet High and Rising	no_match	
Dean Francis & The Soul Rockers	Eccentric Soul: Capitol City Soul	no_match	
Death In Vegas	Lost In Translation (Music From The Motion Picture Soundtrack)	no_match	
Deborah Washington	 Personal Space: Electronic Soul 1974-1984	no_match	
Dee Jay Nehpets	DJ-Kicks: Jessy Lanza	no_match	
Dennis	Maybe I'm Dreaming	no_match	
Destroyer	Destroyer's Rubies [*2012 RE White Vinyl*]	no_match	
Devendra Banhart, Blake Mills, & Beverly Glenn-Copeland	TRANSA	no_match	
Devo	Hardcore (Disc 1)	no_match	
Devo	Hardcore (Disc 2)	no_match	
Devo	Q. Are We Not Men.  A. We Are Devo. (1978)	no_match	
Dexter Gordon	Blue Note 75 (75th Anniversary MQS Collection)	no_match	
Dick Sicely & The Country Boys	Christmas Dreamers: Yuletide Country (1960-1972)	no_match	
Diners	Musicians for a Free Palestine	no_match	
Dino Lenny	Quattro III - Redux	no_match	
Dino Lenny	QuattroIII - Tempo	no_match	
Dirty Projectors	5EPs	no_match	
Dirty Projectors feat. Amber Mark	Lamp Lit Prose	no_match	
Dirty Projectors feat. Dear Nora	Lamp Lit Prose	no_match	
Dirty Projectors feat. Empress Of	Lamp Lit Prose	no_match	
Dirty Projectors feat. Robin Pecknold & Rostam	Lamp Lit Prose	no_match	
Dominic Fike	Barbie the Album (Best Weekend Ever Edition)	no_match	
Don Bruce and The Angels	Nigeria 70: No Wahala: Highlife, Afro-Funk & Juju 1973-1987	no_match	
Don Cherry	Blue Note 75 (75th Anniversary MQS Collection)	no_match	
Don Cherry	Soul Of A Nation 2 (Jazz Is The Teacher Funk Is The Preacher: Afro-Centric Jazz, Street Funk And The Roots Of Rap In The Black Power Era 1969-75)	no_match	
Don Isaac Ezekiel Combination, The	Nigeria 70 - Sweet Times - Afro-Funk, Highlife & Juju From 1970s Lagos	no_match	
Don Mcginnis	Christmas Dreamers: Yuletide Country (1960-1972)	no_match	
Donald Byrd	Blue Note 75 (75th Anniversary MQS Collection)	no_match	
Dorian Concept	Miniatures	no_match	
Doug Carn	Soul Jazz Records Presents Soul Of A Nation: Afro-Centric Visions in the Age of Black Power - Underground Jazz, Street Funk & The Roots of Rap 1968-79	no_match	
Dougie Poole	Musicians for a Free Palestine	no_match	
Downtown Boys	Musicians for a Free Palestine	no_match	
Dr Victor Olaiya's International All-Stars	Nigeria 70 - Sweet Times - Afro-Funk, Highlife & Juju From 1970s Lagos	no_match	
Dr.K プロジェクト	BGM 1980-2000	no_match	
Drab Majesty	Holodeck Vision One	no_match	
Dressed Up Animals	Intenta: Experimental & Electronic Music from Switzerland 1981-93	no_match	
Droll	Musicians for a Free Palestine	no_match	
Drugdealer, Dougie Poole	Raw Honey	no_match	
Drugdealer, Harley and the Hummingbirds	Raw Honey	no_match	
Drugdealer, Weyes Blood	Raw Honey	no_match	
Dua Lipa	Dua Lipa Live from the Royal Albert Hall	no_match	
Dua Lipa	Future Nostalgia	fetch_error	404 Client Error: Not Found for url: https://api.discogs.com/releases/22863227
Dub Squad	Virtual Dreams II - Ambient Explorations In The House & Techno Age, Japan 1993-1999	no_match	
Dubtribe Sound System	Virtual Dreams: Ambient Explorations In The House & Techno Age, 1993-1997	no_match	
Duke Edwards and the Young Ones	Soul Jazz Records Presents Soul Of A Nation: Afro-Centric Visions in the Age of Black Power - Underground Jazz, Street Funk & The Roots of Rap 1968-79	no_match	
Dust Witch	Holodeck Vision One	no_match	
Duster	Contemporay Movement	no_match	
Dylan Baldi	Musicians for a Free Palestine	no_match	
Dylan Cameron	Holodeck Vision One	no_match	
Dynamic Africana	Nigeria 70: Lagos Jump - Original Heavyweight Afrobeat Highlife & Afro-Funk	no_match	
Echo Del Africa	Bobo Yéyé: Belle Epoque in Upper Volta	no_match	
Ed Crook	Eccentric Northern Soul	no_match	
EdOne	Quattro III - Breaks	no_match	
Eddie & The Ant Hill Mob	Boddie Recording Company: Cleveland, Ohio (Disc 1: Soul Kitchen)	no_match	
Eddie Okwedy & His Maymores Dance Band	Nigeria 70: Lagos Jump - Original Heavyweight Afrobeat Highlife & Afro-Funk	no_match	
Eduardo Ramos	Cuba: Music and Revolution - Culture Clash In Havana Cuba - Experiments in Latin Music 1975-85 Vol. 1	no_match	
Eeeka	Program 2: Electric Musings from the Hoosier Flatlands & Other Distant Zones	no_match	
Eiichi Ohtaki	Pacific Breeze Volume 2: Japanese City Pop, AOR & Boogie 1972-1986	no_match	
Eivind Lonning	Most, but Potentially All (composed by Jim O’Rourke)	no_match	
Eji Oyewole	Nigeria 70 - Sweet Times - Afro-Funk, Highlife & Juju From 1970s Lagos	no_match	
El Anthony	Skyway Soul: Gary, Indiana	no_match	
Elderberry Jak	Maybe I'm Dreaming	no_match	
Elephant Château	Intenta: Experimental & Electronic Music from Switzerland 1981-93	no_match	
Elk Manakin	Program 2: Electric Musings from the Hoosier Flatlands & Other Distant Zones	no_match	
Elliott Smith	Either/Or (2017 Remastered and Expanded Edition) Live and Outtakes	no_match	
Elvin Spencer	Eccentric Northern Soul	no_match	
Elvis Perkins	Musicians for a Free Palestine	no_match	
Emiliano Salvador	Cuba: Music and Revolution - Culture Clash In Havana Cuba - Experiments in Latin Music 1975-85 Vol. 1	no_match	
Empath	III +	no_match	
Empress Of	Like Someone I Know: A Celebration of Margo Guryan	no_match	
Eri Ohno	Pacific Breeze Volume 2: Japanese City Pop, AOR & Boogie 1972-1986	no_match	
Eric (Showboy) Akaeze & His Royal Ericos	Nigeria 70: Lagos Jump - Original Heavyweight Afrobeat Highlife & Afro-Funk	no_match	
Eric Dolphy	Blue Note 75 (75th Anniversary MQS Collection)	no_match	
Eric Slick	Musicians for a Free Palestine	no_match	
Etubom Rex Williams & His Nigerian Artistes	Nigeria 70 - Sweet Times - Afro-Funk, Highlife & Juju From 1970s Lagos	no_match	
Etubom Rex Williams & His Nigerian Artistes	Nigeria 70: No Wahala: Highlife, Afro-Funk & Juju 1973-1987	no_match	
Eula Cooper	Eccentric Northern Soul	no_match	
Eva808	Exchange / It's Me Bitch / Too Late	no_match	
Evans	QuattroIII - Tempo	no_match	
Eyal Talmudi	The Audience	no_match	
F.O.E.	Pacific Breeze: Japanese City Pop, AOR & Boogie 1976-1986	no_match	
FA 5	Cuba: Music and Revolution - Culture Clash In Havana Cuba - Experiments in Latin Music 1973 - 85 Vol. 2	no_match	
FS Blumm	Dinner Music For Clubbers: Peter Grummich Plays Staubgold	no_match	
Fabiano do Nascimento & Sam Gendel	The Room	no_match	
Farah María	Cuba: Music and Revolution - Culture Clash In Havana Cuba - Experiments in Latin Music 1973 - 85 Vol. 2	no_match	
Fat Tony	Musicians for a Free Palestine	no_match	
Faustina Masigat	Musicians for a Free Palestine	no_match	
Fela Kuti & Africa 70	Nigeria 70: The Definitive Story of 1970s Funky Lagos	no_match	
Fela Kuti & Africa 70 feat. Sandra Akanke Isidore	Nigeria 70: The Definitive Story of 1970s Funky Lagos	no_match	
Fela Ransome-Kuti & The Africa 70	Confusion	no_match	
Felixson Ngasia & The Survivals	Nigeria 70: No Wahala: Highlife, Afro-Funk & Juju 1973-1987	no_match	
Felt Out, Little Mazarn, & hemlock	Musicians for a Free Palestine	no_match	
Female Gaze	Musicians for a Free Palestine	no_match	
Fennec	Program 2: Electric Musings from the Hoosier Flatlands & Other Distant Zones	no_match	
Finom	Musicians for a Free Palestine	no_match	
Fizzè	Intenta: Experimental & Electronic Music from Switzerland 1981-93	no_match	
Flatliner	Holodeck Vision One	no_match	
Fleet Foxes	A Very Lonely Solstice (Solstice Version)	no_match	
Fleet Foxes, Cole Pulice, & Lynn Avery	TRANSA	no_match	
Fleetwood Mac	Rumours	fetch_error	404 Client Error: Not Found for url: https://api.discogs.com/releases/21144133
Fleetwood Mac	Rumours (45 rpm)	no_match	
Floating Points, Pharoah Sanders & The London Symphony Orchestra	Promises	fetch_error	404 Client Error: Not Found for url: https://api.discogs.com/releases/20563066
Flying Lotus feat. Anderson .Paak	Flamagra	no_match	
Flying Lotus feat. David Lynch	Flamagra	no_match	
Flying Lotus feat. Denzel Curry	Flamagra	no_match	
Flying Lotus feat. George Clinton	Flamagra	no_match	
Flying Lotus feat. Laura Darlington	Cosmogramma	no_match	
Flying Lotus feat. Little Dragon	Flamagra	no_match	
Flying Lotus feat. Shabazz Palaces	Flamagra	no_match	
Flying Lotus feat. Thom Yorke	Cosmogramma	no_match	
Flying Lotus feat. Tierra Whack	Flamagra	no_match	
Flying Lotus feat. Toro y Moi	Flamagra	no_match	
Foreign Candy	Program 2: Electric Musings from the Hoosier Flatlands & Other Distant Zones	no_match	
Four Mints	Eccentric Soul: Capitol City Soul	no_match	
Foyer Red	Musicians for a Free Palestine	no_match	
Fragile	Balearic Breakfast Vol:1	no_match	
Frances Chang	Musicians for a Free Palestine	no_match	
Frank Ocean feat. André 3000	Blonde	no_match	
Frank Ocean feat. Beyonce	Blonde	no_match	
Frank Ocean feat. Kendrick Lamar	Blonde	no_match	
Frank Ocean feat. Sebastian	Blonde	no_match	
Frank Ocean feat. Yung Lean	Blonde	no_match	
Frank Ocean feat. Yung Lean, Austin Feinstein	Blonde	no_match	
Frank Zappa	Apostrophe (')	no_match	
Frank Zappa	Hot Rats	fetch_error	404 Client Error: Not Found for url: https://api.discogs.com/releases/15036602
Frank Zappa	Waka/Jawaka [Zappa-UME ZR 3848]	no_match	
Frankie Broyles	Slow Return (EP)	no_match	
Frankie Cosmos	Like Someone I Know: A Celebration of Margo Guryan	no_match	
Frankie Cosmos	Musicians for a Free Palestine	no_match	
Frankie Pighee & The Soulettes	Boddie Recording Company: Cleveland, Ohio (Disc 1: Soul Kitchen)	no_match	
Fred Towles	Eccentric Soul: The Way Out Label (Disc B)	no_match	
Freddie Hubbard	Blue Note 75 (75th Anniversary MQS Collection)	no_match	
Fresa Juvenil de Tarapoto	Perú Selvático - Sonic Expedition Into The Peruvian Amazon 1972-1986	no_match	
Friendly Fires And The Asphodells	Balearic Breakfast Vol:1	no_match	
Friendship	Musicians for a Free Palestine	no_match	
Fuck U Pay Us	Musicians for a Free Palestine	no_match	
Funkadelic	Soul Of A Nation 2 (Jazz Is The Teacher Funk Is The Preacher: Afro-Centric Jazz, Street Funk And The Roots Of Rap In The Black Power Era 1969-75)	no_match	
Future Museums	Holodeck Vision One	no_match	
Fuubutsushi	Birthingbodies	no_match	
Fuubutsushi	Fuubutsushi (風物詩)	no_match	
Fuubutsushi	Natsukashii (懐かしい)	no_match	
Fuubutsushi	Setsubun (節分)	no_match	
G.O. Malebo	Congo Funk! - Sound Madness From The Shores Of The Mighty Congo River (Kinshasa/​​Brazzaville 1969​-​1982)	no_match	
G3	DJ-Kicks: Jessy Lanza	no_match	
GABI Jr.	Musicians for a Free Palestine	no_match	
Gaadge	Modern Tourism	no_match	
Gant-Man	DJ-Kicks: Jessy Lanza	no_match	
Gary Bartz NTU Troop	Soul Of A Nation 2 (Jazz Is The Teacher Funk Is The Preacher: Afro-Centric Jazz, Street Funk And The Roots Of Rap In The Black Power Era 1969-75)	no_match	
Gary Clark Jr. & Eve Monsees	May the Circle Remain Unbroken: a Tribute to Roky Erickson	no_match	
Gasper Lawal	Nigeria 70: The Definitive Story of 1970s Funky Lagos	no_match	
Gateway	Program 2: Electric Musings from the Hoosier Flatlands & Other Distant Zones	no_match	
Gayle	Barbie the Album (Best Weekend Ever Edition)	no_match	
Gena Weston	every pore poured a lotus	no_match	
General Lee	Skyway Soul: Gary, Indiana	no_match	
General Lee & The Lost Weekend	Skyway Soul: Gary, Indiana	no_match	
General Lee & The Space Army Band	Skyway Soul: Gary, Indiana	no_match	
George Maciunas	SYR 4: Goodbye 20th Century	no_match	
Gia Margaret	TRANSA	no_match	
Gil Scott-Heron	Soul Jazz Records Presents Soul Of A Nation: Afro-Centric Visions in the Age of Black Power - Underground Jazz, Street Funk & The Roots of Rap 1968-79	no_match	
Gil Scott-Heron	Soul Of A Nation 2 (Jazz Is The Teacher Funk Is The Preacher: Afro-Centric Jazz, Street Funk And The Roots Of Rap In The Black Power Era 1969-75)	no_match	
Glenn Brookshire	Christmas Dreamers: Yuletide Country (1960-1972)	no_match	
Godspeed You Black Emperor!	F♯A♯∞	no_match	
Golden Brown	Flora and Fauna of the Uncanny Valley	no_match	
Golden Donna	DJ-Kicks: Jessy Lanza	no_match	
Gongjoong Doduk (공중도덕)	공중도덕	no_match	
Grachan Moncur III	Blue Note 75 (75th Anniversary MQS Collection)	no_match	
Grain	DJ-Kicks: Jessy Lanza	no_match	
Gramme	Soul Jazz Records Presents Two Synths A Guitar (And) A Drum Machine - Post Punk Dance Vol.1	no_match	
Grant Green	Blue Note 75 (75th Anniversary MQS Collection)	no_match	
Green-House & Kelela	TRANSA	no_match	
Gregory Porter	Blue Note 75 (75th Anniversary MQS Collection)	no_match	
Grizzly Bear	Veckatimest	fetch_error	404 Client Error: Not Found for url: https://api.discogs.com/releases/5108965
Grocer	Musicians for a Free Palestine	no_match	
Groupe Minzoto Ya Zaïre	Congo Funk! - Sound Madness From The Shores Of The Mighty Congo River (Kinshasa/​​Brazzaville 1969​-​1982)	no_match	
Grupo De Experimentación Sonora Del ICAIC	Cuba: Music and Revolution - Culture Clash In Havana Cuba - Experiments in Latin Music 1973 - 85 Vol. 2	no_match	
Grupo De Experimentación Sonora Del ICAIC	Cuba: Music and Revolution - Culture Clash In Havana Cuba - Experiments in Latin Music 1975-85 Vol. 1	no_match	
Grupo Irakere	Cuba: Music and Revolution - Culture Clash In Havana Cuba - Experiments in Latin Music 1975-85 Vol. 1	no_match	
Grupo Los Yoyi	Cuba: Music and Revolution - Culture Clash In Havana Cuba - Experiments in Latin Music 1973 - 85 Vol. 2	no_match	
Grupo Monumental	Cuba: Music and Revolution - Culture Clash In Havana Cuba - Experiments in Latin Music 1975-85 Vol. 1	no_match	
Grupo Raices Nuevas	Cuba: Music and Revolution - Culture Clash In Havana Cuba - Experiments in Latin Music 1973 - 85 Vol. 2	no_match	
Grupo Siglo XX de Rioja	Perú Selvático - Sonic Expedition Into The Peruvian Amazon 1972-1986	no_match	
Grupo Sintesis	Cuba: Music and Revolution - Culture Clash In Havana Cuba - Experiments in Latin Music 1973 - 85 Vol. 2	no_match	
Guitar Red	 Personal Space: Electronic Soul 1974-1984	no_match	
Guitar Stylings of Mere Man	Program 2: Electric Musings from the Hoosier Flatlands & Other Distant Zones	no_match	
Gus Gus	π - Music For The Motion Picture	no_match	
Guy Friend	EP2	no_match	
H. Kink	Musicians for a Free Palestine	no_match	
H.Takahashi	Music for Resorts	no_match	
Haim	Barbie the Album (Best Weekend Ever Edition)	no_match	
Hampshire & Foat	Galaxies Like Grains of Sand	fetch_error	404 Client Error: Not Found for url: https://api.discogs.com/releases/12318763
Hand Habits	TRANSA	no_match	
Hank Mobley	Blue Note 75 (75th Anniversary MQS Collection)	no_match	
Happy End	Lost In Translation (Music From The Motion Picture Soundtrack)	no_match	
Harlem Meat Company	Eccentric Soul: The Cash Label	no_match	
Harold Steinbach	Christmas Dreamers: Yuletide Country (1960-1972)	no_match	
Harrison	Eccentric Soul: The Cash Label	no_match	
Harrison & The Majestic Kind	Eccentric Soul: The Cash Label	no_match	
Harry Tubbs/Art Farmer/Rolf Kuhn/Kenny Burrell/Oscar Pettiford/Eddie Costa/Ed Thigpen	Winner's Circle	no_match	
Harry Tubbs/John Coltrane/Al Cohn/Donald Byrd/Frank Rehak/Oscar Pettiford/Eddie Costa/Ed Thigpen	Winner's Circle	no_match	
Harry Tubbs/John Coltrane/Al Cohn/Gene Quill/Donald Byrd/Frank Rehak/Freddie Green/Oscar Pettiford/Eddie Costa	Winner's Circle	no_match	
Haruomi Hosono	Pacific Breeze: Japanese City Pop, AOR & Boogie 1976-1986	no_match	
Haruomi Hosono, Takahiko Ishikawa, Masataka Matsutoya	Pacific Breeze: Japanese City Pop, AOR & Boogie 1976-1986	no_match	
Harvey & The Phenomenals	Boddie Recording Company: Cleveland, Ohio (Disc 2: Luau)	no_match	
Harvey Hall	Boddie Recording Company: Cleveland, Ohio (Disc 2: Luau)	no_match	
Hayes Ware	Eccentric Soul: The Cash Label	no_match	
Health Feat. Godflesh	RAT WARS	no_match	
Health Feat. Sierra	RAT WARS	no_match	
Heart Shaped & Christian Lee Hutson	TRANSA	no_match	
Helado Negro & Eileen Myles	TRANSA	no_match	
Helen Moore	Eccentric Soul: The Renfro Label	no_match	
Helene Smith	Eccentric Northern Soul	no_match	
Helvetia	A Dot Running for the Dust (The Lost Sessions)	no_match	
Herbie Hancock	Blue Note 75 (75th Anniversary MQS Collection)	no_match	
Hermanez	QuattroIII - Tempo	no_match	
Hi Fi Power	Soul Jazz Records presents BLACK RIOT: Early Jungle, Rave and Hardcore	no_match	
Hiatus Kaiyote	Tawk Tomahawk +3	no_match	
Hiroshi Sato	Pacific Breeze: Japanese City Pop, AOR & Boogie 1976-1986	no_match	
Hiroyuki Namba	Pacific Breeze 3: Japanese City Pop, AOR & Boogie 1975-1986	no_match	
Hitomi Tohyama	Pacific Breeze: Japanese City Pop, AOR & Boogie 1976-1986	no_match	
Holy Wave	Musicians for a Free Palestine	no_match	
Honour	Àlááfíà	no_match	
Horace Silver and The Jazz Messengers	Blue Note 75 (75th Anniversary MQS Collection)	no_match	
Horace Tapscott with the Pan Afrikan Peoples Arkestra	Soul Jazz Records Presents Soul Of A Nation: Afro-Centric Visions in the Age of Black Power - Underground Jazz, Street Funk & The Roots of Rap 1968-79	no_match	
Horse Jumper of Love	Make-Out Version	no_match	
Horse Jumper of Love	Musicians for a Free Palestine	no_match	
Human Mesh Dance	Virtual Dreams: Ambient Explorations In The House & Techno Age, 1993-1997	no_match	
Hyldon (feat. Bossacucanova)	Na Rua, Na Chuva, Na Fazenda	no_match	
Hüsker Dü	Zen Arcade [SST CD 027]	no_match	
I Suonatori 	Intenta: Experimental & Electronic Music from Switzerland 1981-93	no_match	
IXNA	Soul Jazz Records Presents Two Synths A Guitar (And) A Drum Machine - Post Punk Dance Vol.1	no_match	
Idy Oldrissa	Bobo Yéyé: Belle Epoque in Upper Volta	no_match	
Ify Jerry Crusade	Nigeria 70: Lagos Jump - Original Heavyweight Afrobeat Highlife & Afro-Funk	no_match	
Inter-Circle	Boddie Recording Company: Cleveland, Ohio (Disc 1: Soul Kitchen)	no_match	
International Brothers Band	Nigeria 70: No Wahala: Highlife, Afro-Funk & Juju 1973-1987	no_match	
Into New Dimensions	Skyway Soul: Gary, Indiana	no_match	
Iron Jaw Harris	Eccentric Soul: The Cash Label	no_match	
Isaac Hayes	Hot Buttered Soul (2002 MFSL Hybrid SACD)	no_match	
Izumi Kobayashi	Pacific Breeze: Japanese City Pop, AOR & Boogie 1976-1986	no_match	
J D Emmanuel	Sound Paintings	no_match	
J D Emmanuel	Time Traveller	no_match	
J Dilla	Welcome 2 Detroit - The 20th Anniversary Edition	no_match	
J Fernandez	No Luck + Olympic Village EPs	no_match	
J.C. Akins	Boddie Recording Company: Cleveland, Ohio (Disc 2: Luau)	no_match	
J.C. Akins & The Dukes	Boddie Recording Company: Cleveland, Ohio (Disc 2: Luau)	no_match	
J.D. Emmanuel	Electronic Minimal Music, 1979 - 1983	no_match	
JU4N	Holodeck Vision One	no_match	
Jack J	Blue Desert	no_match	
Jackie McLean	Blue Note 75 (75th Anniversary MQS Collection)	no_match	
Jackie Russell	Boddie Recording Company: Cleveland, Ohio (Disc 1: Soul Kitchen)	no_match	
Jacob Mann	32	no_match	
Jake Schrock	Holodeck Vision One	no_match	
James Brown	Say It Loud - I'm Black And I'm Proud {UICY-9292}	no_match	
James Mason	Soul Of A Nation 2 (Jazz Is The Teacher Funk Is The Preacher: Afro-Centric Jazz, Street Funk And The Roots Of Rap In The Black Power Era 1969-75)	no_match	
James Tenney	SYR 4: Goodbye 20th Century	no_match	
Jaunita Ellis	Boddie Recording Company: Cleveland Ohio (Disc 3: Bounty Records)	no_match	
Jay Dee	Welcome 2 Detroit - The 20th Anniversary Edition	no_match	
Jay-Z feat. Beyoncé	Dangerously in Love	no_match	
Jean-Pierre Armengaud	Satie: Intégrale des oeuvres pour piano (Complete Piano Works)	no_match	
Jean-Pierre Huser	Intenta: Experimental & Electronic Music from Switzerland 1981-93	no_match	
Jean-Yves Thibaudet	Erik Satie: The Complete Solo Piano Music	no_match	
Jeff Phelps	 Personal Space: Electronic Soul 1974-1984	no_match	
Jeff Tweedy	May the Circle Remain Unbroken: a Tribute to Roky Erickson	no_match	
Jeff Tweedy & claire rousay	TRANSA	no_match	
Jennifer Lara	Weekend Loving	no_match	
Jeroen Van Veen	Satie: Complete Piano Music	no_match	
Jerry Green	 Personal Space: Electronic Soul 1974-1984	no_match	
Jesse Fisher	Eccentric Soul: The Way Out Label (Disc A)	no_match	
Jesse Fisher	Eccentric Soul: The Way Out Label (Disc B)	no_match	
Jessy Lanza	DJ-Kicks: Jessy Lanza	no_match	
Jessy Lanza feat. Loraine James	DJ-Kicks: Jessy Lanza	no_match	
Jessy Lanza feat. Taraval	DJ-Kicks: Jessy Lanza	no_match	
Jesus Weekend	Music for Resorts	no_match	
Jim C. Nedd	DJ-Kicks: Jessy Lanza	no_match	
Jim Huxley	Maybe I'm Dreaming	no_match	
Jim Ware	Maybe I'm Dreaming	no_match	
Jimi Hendrix	Band of Gypsys [Polydor 821 933-2]	no_match	
Jimmy Smith	Blue Note 75 (75th Anniversary MQS Collection)	no_match	
Jlin & Moor Mother	TRANSA	no_match	
Joan Bibiloni	Balearic Breakfast Vol:1	no_match	
Joe Henderson	Blue Note 75 (75th Anniversary MQS Collection)	no_match	
Joe Henderson	Soul Jazz Records Presents Soul Of A Nation: Afro-Centric Visions in the Age of Black Power - Underground Jazz, Street Funk & The Roots of Rap 1968-79	no_match	
Joey	Holodeck Vision One	no_match	
Johann Pachelbel	Discreet Music (2004 Remaster)	no_match	
Johanna Warren	Musicians for a Free Palestine	no_match	
John Cage	SYR 4: Goodbye 20th Century	no_match	
John Coltrane	Blue Note 75 (75th Anniversary MQS Collection)	no_match	
John Coltrane & Cannonball Adderly	Quintet In Chicago & Mating Call (2014 RM)	no_match	
John Coltrane & Tadd Dameron	Quintet In Chicago & Mating Call (2014 RM)	no_match	
John Coltrane Quartet	Ballads [24-96 HDTracks]	no_match	
John Coltrane, Earl May, Art Taylor	Lush Life	no_match	
John Coltrane, Red Garland, Paul Chambers, Albert Heath	Lush Life	no_match	
John Coltrane, Red Garland, Paul Chambers, Art Taylor	John Coltrane with the Red Garland Trio (Traneing In)	no_match	
John Coltrane, Red Garland, Paul Chambers, Donald Byrd, Louis Hayes	Lush Life	no_match	
John Lyle	Maybe I'm Dreaming	no_match	
John Westly	Eccentric Soul: The Renfro Label	no_match	
Johnny Walker	 Personal Space: Electronic Soul 1974-1984	no_match	
Joni Haastrup	Nigeria 70: The Definitive Story of 1970s Funky Lagos	no_match	
Joseph Shabason	Mississippi River Styx	no_match	
Joseph Shabason, Gigi Masin	Anne	no_match	
Joyce Street	Christmas Dreamers: Yuletide Country (1960-1972)	no_match	
João Gilberto	Chega De Saudade (ML 24.96 Vinyl Rip)	no_match	
Juan Formel & Los Van Van	Cuba: Music and Revolution - Culture Clash In Havana Cuba - Experiments in Latin Music 1973 - 85 Vol. 2	no_match	
Juan Formell & Los Van Van	Cuba: Music and Revolution - Culture Clash In Havana Cuba - Experiments in Latin Music 1975-85 Vol. 1	no_match	
Juan Pablo Torres Y Algo Nuevo	Cuba: Music and Revolution - Culture Clash In Havana Cuba - Experiments in Latin Music 1973 - 85 Vol. 2	no_match	
Juan Pablo Torres Y Algo Nuevo	Cuba: Music and Revolution - Culture Clash In Havana Cuba - Experiments in Latin Music 1975-85 Vol. 1	no_match	
Julien Baker & Calvin Lauber	TRANSA	no_match	
June McDoom	Like Someone I Know: A Celebration of Margo Guryan	no_match	
Junei'	Skyway Soul: Gary, Indiana	no_match	
Jungle & Erick the Architect	Volcano	no_match	
Jungle feat. Bas	Volcano	no_match	
Jungle feat. Channel Tres	Volcano	no_match	
Jungle feat. Mood Talk	Volcano	no_match	
Jungle feat. Roots Manuva	Volcano	no_match	
Junko Ohashi & Minoya Central Station	Pacific Breeze Volume 2: Japanese City Pop, AOR & Boogie 1972-1986	no_match	
Jupiter’s Release	Eccentric Soul: Capitol City Soul	no_match	
Justin Hayward and Richard Burton	Jeff Wayne's Musical Version of The War of the Worlds	no_match	
Kamasi Washington	The Choice	no_match	
Kammerflimmer Kollektief	Dinner Music For Clubbers: Peter Grummich Plays Staubgold	no_match	
Kanyon	DJ-Kicks: Jessy Lanza	no_match	
Kara Jackson, Ahya Simone, & Dirty Projectors	TRANSA	no_match	
Karima Walker	Musicians for a Free Palestine	no_match	
Karol G feat. Aldo Ranks	Barbie the Album (Best Weekend Ever Edition)	no_match	
Kate Bollinger	Like Someone I Know: A Celebration of Margo Guryan	no_match	
Katie Von Schleicher	Musicians for a Free Palestine	no_match	
Katsuya Hironaka	Virtual Dreams II - Ambient Explorations In The House & Techno Age, Japan 1993-1999	no_match	
Kendrick Lamar	good kid, m.A.A.d city (Deluxe Version)	fetch_error	404 Client Error: Not Found for url: https://api.discogs.com/releases/14355971
Kenny Burrell	Blue Note 75 (75th Anniversary MQS Collection)	no_match	
Kenny Dorham	Blue Note 75 (75th Anniversary MQS Collection)	no_match	
Kenny Dorham, Tommy Flanagan, Paul Chambers, Art Taylor	Quiet Kenny	no_match	
Kevin Shields	Lost In Translation (Music From The Motion Picture Soundtrack)	no_match	
Key & Cleary	 Personal Space: Electronic Soul 1974-1984	no_match	
Khalid	Barbie the Album (Best Weekend Ever Edition)	no_match	
Kimiko Kasai	Pacific Breeze Volume 2: Japanese City Pop, AOR & Boogie 1972-1986	no_match	
King James Version	Boddie Recording Company: Cleveland, Ohio (Disc 1: Soul Kitchen)	no_match	
King Sunny Adé	Juju Music	no_match	
King Sunny Adé & His African Beats	Nigeria 70: The Definitive Story of 1970s Funky Lagos	no_match	
Kohra	Quattro III - Breaks	no_match	
Kohsei Morimoto (森本浩正)	Smile Of The Sun (スマイル・オブ・ザ・サン)	no_match	
Kommission	Kommission Tape	no_match	
Konk	Live At CBGB Nov 6 1981	no_match	
Kool Blues	Eccentric Soul: Capitol City Soul	no_match	
Koola Lobitos	Nigeria 70: The Definitive Story of 1970s Funky Lagos	no_match	
Kreidler	Synthesist (40th Anniversary Edition)	no_match	
Kristine Leschper	Musicians for a Free Palestine	no_match	
Kurt Wagner	Nixon	no_match	
Kyle Dixon	Holodeck Vision One	no_match	
Kyle M	Winter’s Wish	no_match	
Kyoko Furuya	Pacific Breeze Volume 2: Japanese City Pop, AOR & Boogie 1972-1986	no_match	
L'Rain	TRANSA	no_match	
LA Synthesis	Virtual Dreams: Ambient Explorations In The House & Techno Age, 1993-1997	no_match	
LFO	Virtual Dreams: Ambient Explorations In The House & Techno Age, 1993-1997	no_match	
Lachane	Holodeck Vision One	no_match	
Lady Blackbird	Balearic Breakfast Vol:1	no_match	
Lambcat	Cursed Princess Club OST Vol. 1	no_match	
Lambcat	Cursed Princess Club OST Vol. 2	no_match	
Lambcat	Cursed Princess Club OST Vol. 3	no_match	
Lambcat	Cursed Princess Club OST Vol. 4	no_match	
Lambcat	Cursed Princess Club OST Vol. 5	no_match	
Landon Caldwell	Program 2: Electric Musings from the Hoosier Flatlands & Other Distant Zones	no_match	
Larry Young	Blue Note 75 (75th Anniversary MQS Collection)	no_match	
Las D'Aida	Cuba: Music and Revolution - Culture Clash In Havana Cuba - Experiments in Latin Music 1975-85 Vol. 1	no_match	
Laura Jane Grace	TRANSA	no_match	
Laurel Halo	Possessed (Original Score)	no_match	
Lauren Auder & Wendy & Lisa	TRANSA	no_match	
Laurence Rassel & Terre Thaemlitz	Gayest Tits & Greyest Shits: 1998-2017 12-Inches & One-Offs	no_match	
La’Fez	Eccentric Soul: Capitol City Soul	no_match	
Lee Hyojun	Program 2: Electric Musings from the Hoosier Flatlands & Other Distant Zones	no_match	
Lee Morgan	Blue Note 75 (75th Anniversary MQS Collection)	no_match	
Leo Brouwer	Cuba: Music and Revolution - Culture Clash In Havana Cuba - Experiments in Latin Music 1973 - 85 Vol. 2	no_match	
Leroy Duncann	Soul Jazz Records Presents Two Synths A Guitar (And) A Drum Machine - Post Punk Dance Vol.1	no_match	
Les Bantous De La Capitale	Congo Funk! - Sound Madness From The Shores Of The Mighty Congo River (Kinshasa/​​Brazzaville 1969​-​1982)	no_match	
Les Bantous De La Capitale	Congo Revolution	no_match	
Les Frères Soki et L'Orchestre Bella-Bella	Congo Funk! - Sound Madness From The Shores Of The Mighty Congo River (Kinshasa/​​Brazzaville 1969​-​1982)	no_match	
Les Imbattables Léopards	Bobo Yéyé: Belle Epoque in Upper Volta	no_match	
Leviticus	Soul Jazz Records presents BLACK RIOT: Early Jungle, Rave and Hardcore	no_match	
Lightbath	full/new	no_match	
Lightning Bug	TRANSA	no_match	
Lijadu Sisters	Nigeria 70: The Definitive Story of 1970s Funky Lagos	no_match	
Link	Virtual Dreams: Ambient Explorations In The House & Techno Age, 1993-1997	no_match	
Linkwood Family	Balearic Breakfast Vol:1	no_match	
Little Anthony Mitchell & The Modern Detergents	Boddie Recording Company: Cleveland, Ohio (Disc 2: Luau)	no_match	
Little Tony & the Hawks	Eccentric Soul: The Renfro Label	no_match	
Locate S,1	Musicians for a Free Palestine	no_match	
Lolina	DJ-Kicks: Jessy Lanza	no_match	
Lolo et L'Orchestre O.K. Jazz	Congo Funk! - Sound Madness From The Shores Of The Mighty Congo River (Kinshasa/​​Brazzaville 1969​-​1982)	no_match	
Lomelda & More Eaze	TRANSA	no_match	
London Sinfonietta	Górecki: Symphony No. 3	no_match	
Loris S. Sarid	Music for Resorts	no_match	
Los 5 U 4	Cuba: Music and Revolution - Culture Clash In Havana Cuba - Experiments in Latin Music 1975-85 Vol. 1	no_match	
Los Brito	Cuba: Music and Revolution - Culture Clash In Havana Cuba - Experiments in Latin Music 1973 - 85 Vol. 2	no_match	
Los Cisnes	Perú Selvático - Sonic Expedition Into The Peruvian Amazon 1972-1986	no_match	
Los Esplifs	Musicians for a Free Palestine	no_match	
Los Invasores de Progreso	Perú Selvático - Sonic Expedition Into The Peruvian Amazon 1972-1986	no_match	
Los Latinos	Cuba: Music and Revolution - Culture Clash In Havana Cuba - Experiments in Latin Music 1973 - 85 Vol. 2	no_match	
Los Papines	Cuba: Music and Revolution - Culture Clash In Havana Cuba - Experiments in Latin Music 1973 - 85 Vol. 2	no_match	
Los Rangers de Tingo Maria	Perú Selvático - Sonic Expedition Into The Peruvian Amazon 1972-1986	no_match	
Los Reyes 73	Cuba: Music and Revolution - Culture Clash In Havana Cuba - Experiments in Latin Music 1973 - 85 Vol. 2	no_match	
Los Reyes 73	Cuba: Music and Revolution - Culture Clash In Havana Cuba - Experiments in Latin Music 1975-85 Vol. 1	no_match	
Los Royal's de Pucallpa	Perú Selvático - Sonic Expedition Into The Peruvian Amazon 1972-1986	no_match	
Los Van Van	Cuba: Music and Revolution - Culture Clash In Havana Cuba - Experiments in Latin Music 1973 - 85 Vol. 2	no_match	
Los Zheros	Perú Selvático - Sonic Expedition Into The Peruvian Amazon 1972-1986	no_match	
Loscil, Secret Pyramid	Equivalents	no_match	
Lost Boy ?	Pop Songs for Dummies	no_match	
Lost Boy ? feat. The Turtle Rubs	Pop Songs for Dummies	no_match	
Lou Donaldson	Blue Note 75 (75th Anniversary MQS Collection)	no_match	
Lou Ragland and The Bandmasters	Eccentric Soul: The Way Out Label (Disc A)	no_match	
Love Maximum	Eccentric Soul: Capitol City Soul	no_match	
Love-Songs	Synthesist (40th Anniversary Edition)	no_match	
Lu Coy & Tyler Holmes	Musicians for a Free Palestine	no_match	
Lucinda Williams	May the Circle Remain Unbroken: a Tribute to Roky Erickson	no_match	
Lucy Liyou	TRANSA	no_match	
Luis Carbonell	Cuba: Music and Revolution - Culture Clash In Havana Cuba - Experiments in Latin Music 1973 - 85 Vol. 2	no_match	
Luke Chable	Quattro III - Soundscape	no_match	
Luke Day	Eccentric Soul: The Renfro Label	no_match	
Luke Temple	Certain Limitations	no_match	
Luke Vibert	London	no_match	
Lynn Castle & Mark Lanegan	May the Circle Remain Unbroken: a Tribute to Roky Erickson	no_match	
M.A. Jaiyesimi & His Crescent Bros Band	Nigeria 70: No Wahala: Highlife, Afro-Funk & Juju 1973-1987	no_match	
M.B.T's	Congo Funk! - Sound Madness From The Shores Of The Mighty Congo River (Kinshasa/​​Brazzaville 1969​-​1982)	no_match	
MACROSS 82-99	Shibuya Meltdown	fetch_error	404 Client Error: Not Found for url: https://api.discogs.com/releases/18099652
MADMADMAD	Soul Jazz Records Presents Two Synths A Guitar (And) A Drum Machine - Post Punk Dance Vol.1	no_match	
MAK	Maybe I'm Dreaming	no_match	
MDA Analog	Virtual Dreams: Ambient Explorations In The House & Techno Age, 1993-1997	no_match	
MF DOOM, Charles Bukowski	BORN LIKE THIS (10TH ANNIVERSARY EDITION)	no_match	
MF DOOM, Empress Starhh	BORN LIKE THIS (10TH ANNIVERSARY EDITION)	no_match	
MF DOOM, Freddie Foxxx	BORN LIKE THIS (10TH ANNIVERSARY EDITION)	no_match	
MF DOOM, Ghostface Killah	BORN LIKE THIS (10TH ANNIVERSARY EDITION)	no_match	
MF DOOM, J Dilla	BORN LIKE THIS (10TH ANNIVERSARY EDITION)	no_match	
MF DOOM, Kurious, MOBONIX, Posdnous, Prince Paul, SLUG	BORN LIKE THIS (10TH ANNIVERSARY EDITION)	no_match	
MF DOOM, Madlib	BORN LIKE THIS (10TH ANNIVERSARY EDITION)	no_match	
MF DOOM, Raekwon	BORN LIKE THIS (10TH ANNIVERSARY EDITION)	no_match	
MGMT	Oracular Spectacular	fetch_error	404 Client Error: Not Found for url: https://api.discogs.com/releases/5610118
MIYAUCHI YURI	Beta	no_match	
MLO	Virtual Dreams: Ambient Explorations In The House & Techno Age, 1993-1997	no_match	
Maarten Van Der Vleuten	DJ-Kicks: Jessy Lanza	no_match	
Madeline Kenney	Summer Quarter	no_match	
MaeMae	Musicians for a Free Palestine	no_match	
Mafia Boyz	DJ-Kicks: Jessy Lanza	no_match	
Magdalena Bay	Mercurial World	fetch_error	404 Client Error: Not Found for url: https://api.discogs.com/releases/21212728
Magdalena Bay	Mercurial World (Deluxe)	fetch_error	404 Client Error: Not Found for url: https://api.discogs.com/releases/21212728
Makoto Matsushita	Pacific Breeze 3: Japanese City Pop, AOR & Boogie 1975-1986	no_match	
Mandingo Griot Society with Don Cherry	Soul Jazz Records Presents Soul Of A Nation: Afro-Centric Visions in the Age of Black Power - Underground Jazz, Street Funk & The Roots of Rap 1968-79	no_match	
Mannequin Pussy	Musicians for a Free Palestine	no_match	
Marem Ladson	Musicians for a Free Palestine	no_match	
Margo Price	Like Someone I Know: A Celebration of Margo Guryan	no_match	
Margo Price	May the Circle Remain Unbroken: a Tribute to Roky Erickson	no_match	
Mari Iijima	Pacific Breeze 3: Japanese City Pop, AOR & Boogie 1975-1986	no_match	
Mariah Carey & David Morales	Rainbow: 25th Anniversary Expanded Edition	no_match	
Mariah Carey & Westlife	Rainbow: 25th Anniversary Expanded Edition	no_match	
Mariah Carey feat. Da Brat & Missy Elliott	Rainbow: 25th Anniversary Expanded Edition	no_match	
Mariah Carey feat. Dru Hill	Butterfly: 25th Anniversary Expanded Edition	no_match	
Mariah Carey feat. Jay-Z	Rainbow: 25th Anniversary Expanded Edition	no_match	
Mariah Carey feat. Joe & 98°	Rainbow: 25th Anniversary Expanded Edition	no_match	
Mariah Carey feat. Joe & Nas	Rainbow: 25th Anniversary Expanded Edition	no_match	
Mariah Carey feat. Krayzie Bone & Wish Bone	Butterfly: 25th Anniversary Expanded Edition	no_match	
Mariah Carey feat. Mystikal & Master P	Rainbow: 25th Anniversary Expanded Edition	no_match	
Mariah Carey feat. Snoop Dogg	Rainbow: 25th Anniversary Expanded Edition	no_match	
Mariah Carey feat. Trey Lorenz	Music Box: 30th Anniversary Edition	no_match	
Mariah Carey feat. Usher	Rainbow: 25th Anniversary Expanded Edition	no_match	
Mark Tester	Program 2: Electric Musings from the Hoosier Flatlands & Other Distant Zones	no_match	
Markus Mann	DJ-Kicks: Jessy Lanza	no_match	
Marlena Shaw	Blue Note 75 (75th Anniversary MQS Collection)	no_match	
Marvin Gaye	Funky Nation: The Detroit Instrumentals	no_match	
Marvin Gaye	Here, My Dear	fetch_error	404 Client Error: Not Found for url: https://api.discogs.com/releases/11078190
Mary Lattimore	GAINER by Mary Lattimore + GROWING	no_match	
Mary Lattimore, Mizu, & Jamal Shakeri	TRANSA	no_match	
Masahiro Takahashi feat. Joseph Shabason and Bram Gielen	Music for Resorts	no_match	
Masarima	DJ-Kicks: Jessy Lanza	no_match	
Masayoshi Takanaka	Pacific Breeze: Japanese City Pop, AOR & Boogie 1976-1986	no_match	
Massive Attack	π - Music For The Motion Picture	no_match	
Mattea Fields	Musicians for a Free Palestine	no_match	
McCoy Tyner	Blue Note 75 (75th Anniversary MQS Collection)	no_match	
Meg Baird, Mary Lattimore & Walt Mcclements	Goodbye, Hotel Arkada	no_match	
Mia Joy	Musicians for a Free Palestine	no_match	
Michael C Sharp	Holodeck Vision One	no_match	
Michael J. Blood	DJ-Kicks: Jessy Lanza	no_match	
Michael Jackson	Bad (Japan LP)	no_match	
Michael Jackson	Thriller (2022 MFSL SACD)	no_match	
Michael Moore	Maybe I'm Dreaming	no_match	
Michael Stein	Holodeck Vision One	no_match	
Mid-Air Thief	Crumbling	no_match	
Miharu Koshi	Pacific Breeze 3: Japanese City Pop, AOR & Boogie 1975-1986	no_match	
Miharu Koshi	Toy Box-1	no_match	
Miho Fujiwara	Pacific Breeze 3: Japanese City Pop, AOR & Boogie 1975-1986	no_match	
Mikaela Davis	And Southern Star	no_match	
Mike Salta And Marty Mortale	Balearic Breakfast Vol:1	no_match	
Mildlife	Balearic Breakfast Vol:1	no_match	
Miles Atmospheric	Quattro III - Miles Atmospheric - Ancestral Communication	no_match	
Miles Davis	Bitches Brew (2014 MFSL Hybrid SACD)	no_match	
Miles Davis	Blue Note 75 (75th Anniversary MQS Collection)	no_match	
Miles Davis	In A Silent Way (2012 MFSL Hybrid SACD)	no_match	
Miles Davis	Kind of Blue (2015 MFSL Hybrid SACD)	no_match	
Miles Davis Sextet	Someday My Prince Will Come [MFSL MFCD 828]	no_match	
Miles Davis, John Coltrane, Red Garland, Paul Chambers, Philly Joe Jones	Cookin' With The Miles Davis Quintet	no_match	
Miles Davis, John Coltrane, Red Garland, Paul Chambers, Philly Joe Jones	Relaxin' With The Miles Davis Quintet	no_match	
Miles Davis, John Coltrane, Red Garland, Paul Chambers, Philly Joe Jones	Steamin' With The Miles Davis Quintet	no_match	
Miles Davis, John Coltrane, Red Garland, Paul Chambers, Philly Joe Jones	Workin' With The Miles Davis Quintet	no_match	
Miles Davis, Red Garland, Paul Chambers, Philly Joe Jones	Steamin' With The Miles Davis Quintet	no_match	
Miles Davis, Sonny Rollins, Milt Jackson, Thelonious Monk, Horace Silver, Percy Heath, Kenny Clarke	Bags' Groove	no_match	
Milt Jackson	Plenty, Plenty Soul (Mono)	no_match	
Milt Jackson & John Coltrane	Bags & Trane	fetch_error	404 Client Error: Not Found for url: https://api.discogs.com/releases/12701391
Milt Jackson with Hubert Laws	Goodbye	no_match	
Minako Yoshida	Pacific Breeze: Japanese City Pop, AOR & Boogie 1976-1986	no_match	
Minor Threat	Complete Discography [Dischord 40 1989]	no_match	
Minyo Delivery Service	Music for Resorts	no_match	
Mirah	Blood	no_match	
Missing Project	Virtual Dreams II - Ambient Explorations In The House & Techno Age, Japan 1993-1999	no_match	
Modern Detergents	Boddie Recording Company: Cleveland, Ohio (Disc 2: Luau)	no_match	
Modern Living	Virtual Dreams II - Ambient Explorations In The House & Techno Age, Japan 1993-1999	no_match	
Momoko Kikuchi	Pacific Breeze Volume 2: Japanese City Pop, AOR & Boogie 1972-1986	no_match	
Moneyman And The Super 5 International	Nigeria 70 - Sweet Times - Afro-Funk, Highlife & Juju From 1970s Lagos	no_match	
Monomono	Nigeria 70: The Definitive Story of 1970s Funky Lagos	no_match	
Morenas	Balearic Breakfast Vol:1	no_match	
Morris Chestnut	Eccentric Northern Soul	no_match	
Morris Chestnut	Eccentric Soul: The Renfro Label	no_match	
Moses Sumney	TRANSA	no_match	
Moses Sumney, Lyra Pramuk, & Sam Smith	TRANSA	search_error	502 Server Error: Bad Gateway for url: https://api.discogs.com/database/search?type=release&release_title=TRANSA&per_page=15&page=1&artist=Moses+Sumney%2C+Lyra+Pramuk%2C+%26+Sam+Smith
Mosshart Sexton	May the Circle Remain Unbroken: a Tribute to Roky Erickson	no_match	
Mother Juniper	Musicians for a Free Palestine	no_match	
Motohiro Nakashima	I Dreamt Constellation Sang (LOAF02)	no_match	
Mount Eerie	Live In Seattle, September 7th, 2013	no_match	
Mount Kimbie Feat. King Krule	The Sunset Violent	no_match	
Mr. Greg & Cass McCombs	Mr. Greg & Cass Mccombs Sing and Play New Folk Songs for Children	no_match	
Mr. Ho	DJ-Kicks: Jessy Lanza	no_match	
Munya	Like Someone I Know: A Celebration of Margo Guryan	no_match	
My Bloody Valentine	Lost In Translation (Music From The Motion Picture Soundtrack)	no_match	
Myung-Whun Chung, Orchestre Philharmonique de Radio France	Messiaen: Trois petites liturgies; Couleurs de la Cité Céleste; Hymne au Saint-Sacrament	no_match	
NUBO; Rebekah Reid	Planetary Vision / 惑星のビジョン	no_match	
Nanako Sato	Pacific Breeze: Japanese City Pop, AOR & Boogie 1976-1986	no_match	
Naomi Akimoto	Pacific Breeze 3: Japanese City Pop, AOR & Boogie 1975-1986	no_match	
Nate Evans	Skyway Soul: Gary, Indiana	no_match	
Nate Evans & Mean Green	Skyway Soul: Gary, Indiana	no_match	
Nathaniel Russell & Landon Caldwell	Program 2: Electric Musings from the Hoosier Flatlands & Other Distant Zones	no_match	
Neko Case	May the Circle Remain Unbroken: a Tribute to Roky Erickson	no_match	
Neneh Cherry	Moon Safari (25th Anniversary)	no_match	
New Fries	Soul Jazz Records Presents Two Synths A Guitar (And) A Drum Machine - Post Punk Dance Vol.1	no_match	
New Vision	Soul Jazz Records presents BLACK RIOT: Early Jungle, Rave and Hardcore	no_match	
Niagara	Soul Jazz Records Presents Two Synths A Guitar (And) A Drum Machine - Post Punk Dance Vol.1	no_match	
Nicholas Krgovich	"Ouch"	no_match	
Nicholas Krgovich & Friends	PASADENA AFTERNOON	no_match	
Nick Follies	Program 2: Electric Musings from the Hoosier Flatlands & Other Distant Zones	no_match	
Nicki Minaj & Ice Spice feat. aqua	Barbie the Album (Best Weekend Ever Edition)	no_match	
Nico Georis & Kb Brookins	TRANSA	no_match	
Nicolas Slonimsky	SYR 4: Goodbye 20th Century	no_match	
Niecy Blues	TRANSA	no_match	
Nina Keith	TRANSA	no_match	
No Artist	Lost In Translation (Music From The Motion Picture Soundtrack)	no_match	
NoName feat. Ayoni	Sundial	no_match	
NoName feat. Common & Ayoni	Sundial	no_match	
NoName feat. Jay Electronica & Eryn Allen Kane	Sundial	no_match	
NoName feat. Jimetta Rose & Voices of Creation	Sundial	no_match	
NoName feat. STOUT, Billy Woods & $ilkMoney	Sundial	no_match	
Nolan Potter	Nightmare Forever	no_match	
NorB & juSt b	Quattro III - Soundscape	no_match	
NorB & juSt b	QuattroIII - Tempo	no_match	
Norah Jones	Blue Note 75 (75th Anniversary MQS Collection)	no_match	
Norm Chambers	Holodeck Vision One	no_match	
Norman Scott	Eccentric Soul: The Way Out Label (Disc A)	no_match	
Nourished by Time	Catching Chickens EP	no_match	
Nu Era	Trace Elements Vol. 3	no_match	
Nu Jacks; Ivory Ranks	Soul Jazz Records presents BLACK RIOT: Early Jungle, Rave and Hardcore	no_match	
O.K. Jazz	Congo Revolution	no_match	
ORDR	Program 2: Electric Musings from the Hoosier Flatlands & Other Distant Zones	no_match	
Odeyemi	Nigeria 70: No Wahala: Highlife, Afro-Funk & Juju 1973-1987	no_match	
Ofo & The Black Company	Nigeria 70: The Definitive Story of 1970s Funky Lagos	no_match	
Oh Sees	Metamorphosed	fetch_error	404 Client Error: Not Found for url: https://api.discogs.com/releases/15965038
Okay America	LP2	no_match	
Okay America	Shit's Glu, Sorrows B Tru	no_match	
Okonski	Trio Session Demos	no_match	
OkoŃski	Magnolia	no_match	
Old World	Program 2: Electric Musings from the Hoosier Flatlands & Other Distant Zones	no_match	
Olivier Rogg	Intenta: Experimental & Electronic Music from Switzerland 1981-93	no_match	
Olufemi Ajasa & His New Nigerian Bros.	Nigeria 70: Lagos Jump - Original Heavyweight Afrobeat Highlife & Afro-Funk	no_match	
Omni Feat. Izzy Glaudini	Souvenir	no_match	
Omni Gardens	Christmas	no_match	
Omni Gardens	Holodeck Vision One	no_match	
Oneness Of Juju	Soul Of A Nation 2 (Jazz Is The Teacher Funk Is The Preacher: Afro-Centric Jazz, Street Funk And The Roots Of Rap In The Black Power Era 1969-75)	no_match	
Oneness of Juju	Soul Jazz Records Presents Soul Of A Nation: Afro-Centric Visions in the Age of Black Power - Underground Jazz, Street Funk & The Roots of Rap 1968-79	no_match	
Orbital	π - Music For The Motion Picture	no_match	
Orchestre African Fiesta	Congo Revolution	no_match	
Orchestre Beguen Band	Congo Revolution	no_match	
Orchestre Celi Bitshou	Congo Funk! - Sound Madness From The Shores Of The Mighty Congo River (Kinshasa/​​Brazzaville 1969​-​1982)	no_match	
Orchestre National Du Congo	Congo Funk! - Sound Madness From The Shores Of The Mighty Congo River (Kinshasa/​​Brazzaville 1969​-​1982)	no_match	
Orchestre O.K. Jazz	Congo Funk! - Sound Madness From The Shores Of The Mighty Congo River (Kinshasa/​​Brazzaville 1969​-​1982)	no_match	
Orchestre O.K. Jazz	Congo Revolution	no_match	
Orchestre Rock A Mambo	Congo Revolution	no_match	
Orchestre Symphonique De Montréal under Charles Dutoit	Holst: The Planets	no_match	
Orchestre de l'Opéra Bastille, Chung	Saint-Saëns - Symphony No. 3, Messiaen - L'Ascension	no_match	
Orchestre symphonique de Montréal, Charles Dutoit	Ravel: Orchestral Works [Decca 460 214-2]	no_match	
Orchid Mantis	In Airports	no_match	
Orlando Julius & His Afro Sounders	Nigeria 70: The Definitive Story of 1970s Funky Lagos	no_match	
Orquesta Los Van Van	Cuba: Music and Revolution - Culture Clash In Havana Cuba - Experiments in Latin Music 1973 - 85 Vol. 2	no_match	
Orquesta Los Van Van	Cuba: Music and Revolution - Culture Clash In Havana Cuba - Experiments in Latin Music 1975-85 Vol. 1	no_match	
Orquesta Ritmo Oriental	Cuba: Music and Revolution - Culture Clash In Havana Cuba - Experiments in Latin Music 1975-85 Vol. 1	no_match	
Orquesta Riverside	Cuba: Music and Revolution - Culture Clash In Havana Cuba - Experiments in Latin Music 1973 - 85 Vol. 2	no_match	
Osamu Shoji	Pacific Breeze 3: Japanese City Pop, AOR & Boogie 1975-1986	no_match	
Osayomore Joseph & the Creative 7	Nigeria 70: No Wahala: Highlife, Afro-Funk & Juju 1973-1987	no_match	
Osees & Thee Oh Sees	Protean Threat	no_match	
Ossa	Program 2: Electric Musings from the Hoosier Flatlands & Other Distant Zones	no_match	
Otis Brown	Eccentric Northern Soul	no_match	
Otis G Johnson	 Personal Space: Electronic Soul 1974-1984	no_match	
Otis Redding	Stax Christmas	no_match	
Ouedraogo Youssef	Bobo Yéyé: Belle Epoque in Upper Volta	no_match	
Out of Sights	Eccentric Northern Soul	no_match	
Oyubi	DJ-Kicks: Jessy Lanza	no_match	
P'taah	Balearic Breakfast Vol:1	no_match	
Pablo Milanés	Cuba: Music and Revolution - Culture Clash In Havana Cuba - Experiments in Latin Music 1975-85 Vol. 1	no_match	
Palm Pizazz!	Maybe I'm Dreaming	no_match	
Palomatic	Virtual Dreams II - Ambient Explorations In The House & Techno Age, Japan 1993-1999	no_match	
Pampas	Musicians for a Free Palestine	no_match	
Paquito D'Rivera	Cuba: Music and Revolution - Culture Clash In Havana Cuba - Experiments in Latin Music 1975-85 Vol. 1	no_match	
Parachute	Pacific Breeze 3: Japanese City Pop, AOR & Boogie 1975-1986	no_match	
Pascal Rogé	Erik Satie: The Complete Solo Piano Music	no_match	
Pascal Rogé, Chantal Juillet	Erik Satie: The Complete Solo Piano Music	no_match	
Pascal Rogé, Jean-Philippe Collard	Erik Satie: The Complete Solo Piano Music	no_match	
Paul Frick	Synthesist (40th Anniversary Edition)	no_match	
Pauline Oliveros	SYR 4: Goodbye 20th Century	no_match	
Pavement	Slanted and Enchanted: Luxe & Reduxe [Disc 1]	no_match	
Peacocks Guiter Band	Nigeria 70: Lagos Jump - Original Heavyweight Afrobeat Highlife & Afro-Funk	no_match	
Pearl & The Oysters	Like Someone I Know: A Celebration of Margo Guryan	no_match	
Penny North	Boddie Recording Company: Cleveland, Ohio (Disc 2: Luau)	no_match	
Perfume Genius & Alan Sparhawk	TRANSA	no_match	
Petelo Vicka et Son Nzazi	Congo Funk! - Sound Madness From The Shores Of The Mighty Congo River (Kinshasa/​​Brazzaville 1969​-​1982)	no_match	
Peter Grummich	Dinner Music For Clubbers: Peter Grummich Plays Staubgold	no_match	
Peter King	Nigeria 70: Lagos Jump - Original Heavyweight Afrobeat Highlife & Afro-Funk	no_match	
Peter King	Nigeria 70: The Definitive Story of 1970s Funky Lagos	no_match	
Peter Kraemer	Maybe I'm Dreaming	no_match	
Peter Philippe Weiss	Intenta: Experimental & Electronic Music from Switzerland 1981-93	no_match	
Phil Lynott, Julie Covington, and Richard Burton	Jeff Wayne's Musical Version of The War of the Worlds	no_match	
Phil Ranelin	Soul Jazz Records Presents Soul Of A Nation: Afro-Centric Visions in the Age of Black Power - Underground Jazz, Street Funk & The Roots of Rap 1968-79	no_match	
Philharmonia Orchestra, Guido Cantelli	Debussy: Nocturnes - Ravel: Daphnis et Chloé, Suite No. 2	no_match	
Philip Cohran And The Artistic Heritage Ensemble	Soul Jazz Records Presents Soul Of A Nation: Afro-Centric Visions in the Age of Black Power - Underground Jazz, Street Funk & The Roots of Rap 1968-79	no_match	
Phish	2022/12/31 New York, NY	no_match	
Phoenix	Lost In Translation (Music From The Motion Picture Soundtrack)	no_match	
Pig&Dan	Quattro III - Redux	no_match	
Pijama Piyama	Musicians for a Free Palestine	no_match	
Pink Floyd	Meddle	fetch_error	404 Client Error: Not Found for url: https://api.discogs.com/releases/7045155
PinkPantheress & Ice Spice	Heaven knows	no_match	
Piper	Pacific Breeze Volume 2: Japanese City Pop, AOR & Boogie 1972-1986	no_match	
Pirámides	Musicians for a Free Palestine	no_match	
Pizzicato Five	Pacific Breeze 3: Japanese City Pop, AOR & Boogie 1975-1986	no_match	
Planetary	Trace Elements Vol. 3	no_match	
Pole Folder & CP	Quattro III - Breaks	no_match	
Pole Folder & CP	Quattro III - Redux	no_match	
Porches	All Day Gentle Hold !	no_match	
Porches	Pool	fetch_error	404 Client Error: Not Found for url: https://api.discogs.com/releases/8086683
Prince Nico Mbarga & Rocafil Jazz	Nigeria 70: No Wahala: Highlife, Afro-Funk & Juju 1973-1987	no_match	
Psilonaut	π - Music For The Motion Picture	no_match	
Pulusha	Virtual Dreams: Ambient Explorations In The House & Techno Age, 1993-1997	no_match	
Pyrolator	Synthesist (40th Anniversary Edition)	no_match	
Queens of the Stone Age	Songs for the Deaf (Unmasters)	no_match	
Quivver	Quattro III - Breaks	no_match	
Quivver	Quattro III - Soundscape	no_match	
R+R=NOW	R+R=Now Live	no_match	
Raavi	Musicians for a Free Palestine	no_match	
Rachika Nayar	TRANSA	no_match	
Rae Khalil	CRYBABY	no_match	
Rafael Toral	Dinner Music For Clubbers: Peter Grummich Plays Staubgold	no_match	
Rahill	Like Someone I Know: A Celebration of Margo Guryan	no_match	
Ramones	Ramones (AIM 1015/CD)	no_match	
Randall Jones	Quattro III - Redux	no_match	
Ranil y Su Conjunto Tropical	Perú Selvático - Sonic Expedition Into The Peruvian Amazon 1972-1986	no_match	
Raquel Denis	Musicians for a Free Palestine	no_match	
Rashied Ali & Frank Lowe	Soul Of A Nation 2 (Jazz Is The Teacher Funk Is The Preacher: Afro-Centric Jazz, Street Funk And The Roots Of Rap In The Black Power Era 1969-75)	no_match	
Raul Gomez	Cuba: Music and Revolution - Culture Clash In Havana Cuba - Experiments in Latin Music 1973 - 85 Vol. 2	no_match	
Raúl Gómez	Cuba: Music and Revolution - Culture Clash In Havana Cuba - Experiments in Latin Music 1975-85 Vol. 1	no_match	
Red Garland	Red Garland Trio at the Prelude CD1	no_match	
Red Garland	Red Garland Trio at the Prelude CD2	no_match	
Reinbert de Leeuw	Satie - Gymnopedies; Gnossiennes	no_match	
Rejoicer	Spiritual Sleaze	no_match	
Rejoicer	Spiritual Sleaze Live	no_match	
Remember Sports	Musicians for a Free Palestine	no_match	
Rev. R.L. Hubbard	Boddie Recording Company: Cleveland Ohio (Disc 3: Bounty Records)	no_match	
Rex Williams	Nigeria 70: Lagos Jump - Original Heavyweight Afrobeat Highlife & Afro-Funk	no_match	
Rhythm For Reasons	Soul Jazz Records presents BLACK RIOT: Early Jungle, Rave and Hardcore	no_match	
Ricardo Eddy Martinez	Cuba: Music and Revolution - Culture Clash In Havana Cuba - Experiments in Latin Music 1973 - 85 Vol. 2	no_match	
Richard Burton	Jeff Wayne's Musical Version of The War of the Worlds	no_match	
Richard H. Kirk	Virtual Dreams: Ambient Explorations In The House & Techno Age, 1993-1997	no_match	
Rick Penta	Maybe I'm Dreaming	no_match	
Ricky Hedges & The Funky People	Boddie Recording Company: Cleveland, Ohio (Disc 1: Soul Kitchen)	no_match	
Ricky Hodges	Boddie Recording Company: Cleveland, Ohio (Disc 1: Soul Kitchen)	no_match	
Ricky, Truly	Musicians for a Free Palestine	no_match	
Rinzen	QuattroIII - Tempo	no_match	
Riow Arai	Virtual Dreams II - Ambient Explorations In The House & Techno Age, Japan 1993-1999	no_match	
Robert Babicz	QuattroIII - Tempo	no_match	
Robert Glasper	Keys To The City Volume One	no_match	
Rogana Ottah & His Black Heroes Int.	Nigeria 70: No Wahala: Highlife, Afro-Funk & Juju 1973-1987	no_match	
Ronald Saunders	Eccentric Soul: The Renfro Label	no_match	
Roni Size / Reprazent	π - Music For The Motion Picture	no_match	
Ronnie White	Maybe I'm Dreaming	no_match	
Roy Ayers Ubiquity	Soul Jazz Records Presents Soul Of A Nation: Afro-Centric Visions in the Age of Black Power - Underground Jazz, Street Funk & The Roots of Rap 1968-79	no_match	
Royal Jesters	Eccentric Northern Soul	no_match	
Rozwell Kid	Dreamboats 2	no_match	
Rufus Thomas	Stax Christmas	no_match	
Rufus Thomas & Carla Thomas	Stax Christmas	no_match	
Run The Jewels	RTJ4	fetch_error	404 Client Error: Not Found for url: https://api.discogs.com/releases/15438238
Run The Jewels	Run The Jewels	fetch_error	404 Client Error: Not Found for url: https://api.discogs.com/releases/7734213
Run The Jewels, 2 Chainz	RTJ4	fetch_error	404 Client Error: Not Found for url: https://api.discogs.com/releases/15438238
Run The Jewels, DJ Premier, Greg Nice	RTJ4	no_match	
Run The Jewels, Josh Homme, Mavis Staples	RTJ4	no_match	
Run The Jewels, Pharrell Williams, Zack de la Rocha	RTJ4	no_match	
Run the Jewels; Zack De La Rocha	Run the Jewels 2	no_match	
Runnner	Musicians for a Free Palestine	no_match	
Ryan Gosling	Barbie the Album (Best Weekend Ever Edition)	no_match	
Ryco Jazz	Congo Revolution	no_match	
SPARKLE DIVISION	TRANSA	no_match	
SZA & Don Toliver	SOS Deluxe: LANA	no_match	
SZA & Travis Scott	SOS Deluxe: LANA	no_match	
Sack Und Blumm	Dinner Music For Clubbers: Peter Grummich Plays Staubgold	no_match	
Sade	TRANSA	no_match	
Sahara All Stars of Jos	Nigeria 70: The Definitive Story of 1970s Funky Lagos	no_match	
Sam Cox	Eccentric Soul: The Renfro Label	no_match	
Sam Evian	Cherry Tree b/w Roses	no_match	
Sam Evian	Need You	no_match	
Sam Smith	Barbie the Album (Best Weekend Ever Edition)	no_match	
Sam Smith & Beverly Glenn-Copeland	TRANSA	no_match	
Sam Wilkes	iiyo iiyo iiyo	no_match	
Sam Wilkes, Will Graefe, Craig Weinrib, Aidan Lombard	Public Records Performance	no_match	
Sam Wilkes, Will Graefe, Craig Weinrib, Aidan Lombard, Shahzad Ismaily	Public Records Performance	no_match	
Samantha Glass	Holodeck Vision One	no_match	
Sammy Jones	Eccentric Soul: The Way Out Label (Disc A)	no_match	
Sammy Jones	Eccentric Soul: The Way Out Label (Disc B)	no_match	
San Francisco Symphony & Michael Tilson Thomas	Debussy: Images - Jeux - La plus que lente	no_match	
Sanasol	Feelarama	no_match	
Sarah Webster Fabio	Soul Jazz Records Presents Soul Of A Nation: Afro-Centric Visions in the Age of Black Power - Underground Jazz, Street Funk & The Roots of Rap 1968-79	no_match	
Sarah Webster Fabio	Soul Of A Nation 2 (Jazz Is The Teacher Funk Is The Preacher: Afro-Centric Jazz, Street Funk And The Roots Of Rap In The Black Power Era 1969-75)	no_match	
Sasha Carassi	Quattro III - Soundscape	no_match	
Satanic Togas	X-Ray Vision LP	no_match	
Satoshi Fumi & Ian O'Donovan	Quattro III - Redux	no_match	
Saxon Lee and The Shadows International	Nigeria 70: No Wahala: Highlife, Afro-Funk & Juju 1973-1987	no_match	
Sean Avery Medlin	Musicians for a Free Palestine	no_match	
Sebadoh	Sebadoh III	no_match	
Sebadoh	Sebadoh III Extras	no_match	
Secret Werewolf	DJ-Kicks: Jessy Lanza	no_match	
Sedcairn Archives	Program 2: Electric Musings from the Hoosier Flatlands & Other Distant Zones	no_match	
Segun Bucknor & His Revolution	Nigeria 70: The Definitive Story of 1970s Funky Lagos	no_match	
Seven Revelators	Boddie Recording Company: Cleveland Ohio (Disc 3: Bounty Records)	no_match	
Shamir	Musicians for a Free Palestine	no_match	
Sharon Van Etten & Ezra Furman	TRANSA	no_match	
Sharp Pins	Turtle Rock	fetch_error	404 Client Error: Not Found for url: https://api.discogs.com/releases/26269736
Sheila Jordan	Blue Note 75 (75th Anniversary MQS Collection)	no_match	
Shelly Manne	A Simple Matter Of Conviction	no_match	
Shina Williams & His African Percussionists	Nigeria 70: The Definitive Story of 1970s Funky Lagos	no_match	
Sideral	Virtual Dreams: Ambient Explorations In The House & Techno Age, 1993-1997	no_match	
Sigur Rós	( )	no_match	
Sigur Rós	( ) 20th Anniversary Edition	no_match	
Sina Bakare	Nigeria 70 - Sweet Times - Afro-Funk, Highlife & Juju From 1970s Lagos	no_match	
Sina Bakare	Nigeria 70: No Wahala: Highlife, Afro-Funk & Juju 1973-1987	no_match	
Single Lash	Holodeck Vision One	no_match	
Sir Shina Peters & His International Stars	Nigeria 70: Lagos Jump - Original Heavyweight Afrobeat Highlife & Afro-Funk	no_match	
Sir Victor Uwaifo & His Melody Maestroes	Nigeria 70: Lagos Jump - Original Heavyweight Afrobeat Highlife & Afro-Funk	no_match	
Sir Victor Uwaifo & His Melody Maestros	Nigeria 70: The Definitive Story of 1970s Funky Lagos	no_match	
Sir Victor Uwaifo & His Titibitis	Nigeria 70: No Wahala: Highlife, Afro-Funk & Juju 1973-1987	no_match	
Skip Drake	Eccentric Soul: The Cash Label	no_match	
Skullcaster	Holodeck Vision One	no_match	
Sky Bird	Intenta: Experimental & Electronic Music from Switzerland 1981-93	no_match	
Sky's The Limit	Skyway Soul: Gary, Indiana	no_match	
Slow Pulp	Musicians for a Free Palestine	no_match	
Smokey Emery	Holodeck Vision One	no_match	
Snoop Dogg, Busta Rhymes, Anderson .Paak, DOMi & JD BECK	Not Tight	no_match	
Soel	Quattro III - Soundscape	no_match	
Soft Rōnin	TRANSA	no_match	
Soki Ohale's Uzzi	Nigeria 70 - Sweet Times - Afro-Funk, Highlife & Juju From 1970s Lagos	no_match	
Solid Squares	Easy Dinner	no_match	
Solid Squares	Snow Drift	no_match	
Sonic Youth	1987/05/22 Trenton, NJ	no_match	
Sonic Youth	1988/12/13 New York, NY	no_match	
Sonic Youth	1990/11/03 Irvine, CA	no_match	
Sonic Youth	2004/08/20 Asheville, NC	no_match	
Sonic Youth w. Lydia Lunch	Bad Moon Rising	no_match	
Sonido Gallo Negro	Musicians for a Free Palestine	no_match	
Sonido Verde de Moyobamba	Perú Selvático - Sonic Expedition Into The Peruvian Amazon 1972-1986	no_match	
Sonny Carter	Eccentric Soul: The Cash Label	no_match	
Sonny Clark	Blue Note 75 (75th Anniversary MQS Collection)	no_match	
Sonny Rollins	Blue Note 75 (75th Anniversary MQS Collection)	no_match	
Soshi Takeda	IMAGINARY LOVEMOTELS	no_match	
Soshi Takeda	Memory of Humidity Re-Humidified (DTR-005)	no_match	
Soul Notes	Eccentric Soul: The Way Out Label (Disc A)	no_match	
Soul Partners	Eccentric Soul: Capitol City Soul	no_match	
Soul Revival	Eccentric Soul: The Cash Label	no_match	
Sour Widows	Musicians for a Free Palestine	no_match	
Space Time Continuum	Virtual Dreams: Ambient Explorations In The House & Techno Age, 1993-1997	no_match	
Spaceship	Program 2: Electric Musings from the Hoosier Flatlands & Other Distant Zones	no_match	
Spacetime Continuum	π - Music For The Motion Picture	no_match	
Spank	Musicians for a Free Palestine	no_match	
Split System	Vol.1	no_match	
Spontaneous Overthrow	 Personal Space: Electronic Soul 1974-1984	no_match	
Squarepusher avec Batterie	Lamental EP	no_match	
Squirrel Flower	Musicians for a Free Palestine	no_match	
Stalled	Dust Inside a Dream	no_match	
Stan Getz/João Gilberto	Getz/Gilberto [Verve Records Japan POCJ-9202]	no_match	
Stanley Turrentine	Blue Note 75 (75th Anniversary MQS Collection)	no_match	
Starship Commander Woo Woo	 Personal Space: Electronic Soul 1974-1984	no_match	
Stefan Lewin	Synthesist (40th Anniversary Edition)	no_match	
Stelth Ulvang	Musicians for a Free Palestine	no_match	
Steve Baltes	Synthesist (40th Anniversary Edition)	no_match	
Steve Elliot	 Personal Space: Electronic Soul 1974-1984	no_match	
Steve Reich	SYR 4: Goodbye 20th Century	no_match	
Stevie Dinner	True Story	no_match	
Stevie Wonder	Innervisions {2012 Audio Fidelity 24 KT + Gold, AFZ 086}	no_match	
Stone Jack Jones & Ziemba	Musicians for a Free Palestine	no_match	
Stormy	Eccentric Northern Soul	no_match	
Sufjan Stevens	Carrie & Lowell	fetch_error	404 Client Error: Not Found for url: https://api.discogs.com/releases/6905559
Sufjan Stevens	Carrie & Lowell (10th Anniversary Edition)	fetch_error	404 Client Error: Not Found for url: https://api.discogs.com/releases/6905559
Sufjan Stevens, Conor Hanick & Timo Andres	Reflections	no_match	
Suicide	Suicide	fetch_error	404 Client Error: Not Found for url: https://api.discogs.com/releases/6395639
Suicide	Suicide (2019 - remastered)	fetch_error	404 Client Error: Not Found for url: https://api.discogs.com/releases/6395639
Sun	Dinner Music For Clubbers: Peter Grummich Plays Staubgold	no_match	
Sun Electric	Virtual Dreams: Ambient Explorations In The House & Techno Age, 1993-1997	no_match	
Sun Ra & His Arkestra	Atlantis	no_match	
Sungod	Holodeck Vision One	no_match	
Susan	Pacific Breeze 3: Japanese City Pop, AOR & Boogie 1975-1986	no_match	
Suzuki Shigeru	Pacific Breeze: Japanese City Pop, AOR & Boogie 1976-1986	no_match	
Syl Johnson	Eccentric Northern Soul	no_match	
Symbol	Holodeck Vision One	no_match	
Sébastien Tellier	Lost In Translation (Music From The Motion Picture Soundtrack)	no_match	
T. Dyson	 Personal Space: Electronic Soul 1974-1984	no_match	
TAH	DJ-Kicks: Jessy Lanza	no_match	
TV Ghost	Disconnected	no_match	
TV On The Radio	Seeds	fetch_error	404 Client Error: Not Found for url: https://api.discogs.com/releases/13384914
Tabu Ley et L'Orchestre Afrisa	Congo Funk! - Sound Madness From The Shores Of The Mighty Congo River (Kinshasa/​​Brazzaville 1969​-​1982)	no_match	
Taeko Ohnuki	Pacific Breeze: Japanese City Pop, AOR & Boogie 1976-1986	no_match	
Takatoshi Naitoh (内藤孝敏)	In The Forest (音の森林浴)	no_match	
Takecha	Kind Of Deep EP	no_match	
Takehisa Kosugi	SYR 4: Goodbye 20th Century	no_match	
Talking Heads	More Songs About Buildings And Food	fetch_error	404 Client Error: Not Found for url: https://api.discogs.com/releases/18607726
Tambores De Enrique Bonne	Cuba: Music and Revolution - Culture Clash In Havana Cuba - Experiments in Latin Music 1973 - 85 Vol. 2	no_match	
Tame Impala	Barbie the Album (Best Weekend Ever Edition)	no_match	
Tame Impala	InnerSpeaker (10 Year Anniversary Edition)	no_match	
Tazumi Toyoshima	Pacific Breeze: Japanese City Pop, AOR & Boogie 1976-1986	no_match	
Team Leader	Program 2: Electric Musings from the Hoosier Flatlands & Other Distant Zones	no_match	
Ted Atking	Scoop	no_match	
Ted Leo	Musicians for a Free Palestine	no_match	
Teddy Geiger & Yaeji	TRANSA	no_match	
Television	Marquee Moon [Elektra 7599-60616-2]	no_match	
Tellavision	Synthesist (40th Anniversary Edition)	no_match	
Tender Loving Care	Eccentric Soul: The Renfro Label	no_match	
Teresa Noda	Pacific Breeze 3: Japanese City Pop, AOR & Boogie 1975-1986	no_match	
Teresa Noda (テレサ野田)	Tropical Love (トロピカル ラブ)	no_match	
Terrace Martin, Robert Glasper, 9th Wonder, Kamasi Washington	Dinner Party	fetch_error	404 Client Error: Not Found for url: https://api.discogs.com/releases/16092839
Terrace Martin, Robert Glasper, 9th Wonder, Kamasi Washington feat. Phoelix	Dinner Party	fetch_error	404 Client Error: Not Found for url: https://api.discogs.com/releases/16092839
Terre Thaemlitz	Gayest Tits & Greyest Shits꞉ 1998-2017 12-Inches & One-Offs	no_match	
Terre's Neu Wuss Fusion	Gayest Tits & Greyest Shits: 1998-2017 12-Inches & One-Offs	no_match	
Tetsuji Hayashi	Pacific Breeze Volume 2: Japanese City Pop, AOR & Boogie 1972-1986	no_match	
The Appleseed Cast	Low Level Owl: Volume 1	no_match	
The Appleseed Cast	Low Level Owl: Volume 2	no_match	
The Arc	Virtual Dreams: Ambient Explorations In The House & Techno Age, 1993-1997	no_match	
The Attractions	Eccentric Soul: The Renfro Label	no_match	
The Beach Boys	All Summer Long (2015 AP Hybrid SACD)	no_match	
The Beach Boys	Pet Sounds (2011 MFSL Hybrid SACD)	no_match	
The Beach Boys	Shut Down Volume 2 (2015 AP Hybrid SACD)	no_match	
The Black Angels	May the Circle Remain Unbroken: a Tribute to Roky Erickson	no_match	
The Breeders	Pale Fire (Live 1994)	no_match	
The Caravans	Christmas Dreamers: Yuletide Country (1960-1972)	no_match	
The Chantells	Boddie Recording Company: Cleveland, Ohio (Disc 1: Soul Kitchen)	no_match	
The Clash	London Calling (Epic/Sony 25 8P-5060 Japanese 1st Pressing)	no_match	
The Coneheads	ETT - 028 - The Coneheads - L.P.1. aka  "14 Year Old High School PC-Fascist Hype Lords Rip Off Devo for the Sake of Extorting $$$ from Helpless Impressionable Midwestern Internet Peoplepunks L.P."	no_match	
The Corinthian Singers	Boddie Recording Company: Cleveland Ohio (Disc 3: Bounty Records)	no_match	
The Crystals	A Christmas Gift for You from Phil Spector	no_match	
The Dave Brubeck Quartet	 Time Out -The Dave Brubeck Quartet	no_match	
The Emotions	Stax Christmas	no_match	
The Exceptional Three	Eccentric Soul: The Way Out Label (Disc B)	no_match	
The Extremes	Eccentric Northern Soul	no_match	
The Faces	Nigeria 70: Lagos Jump - Original Heavyweight Afrobeat Highlife & Afro-Funk	no_match	
The Fall	Hip Priest and Kamerads	fetch_error	404 Client Error: Not Found for url: https://api.discogs.com/releases/13126882
The Fantastic Lightning Ares	Boddie Recording Company: Cleveland Ohio (Disc 3: Bounty Records)	no_match	
The Freaky	Soul Jazz Records presents BLACK RIOT: Early Jungle, Rave and Hardcore	no_match	
The Funkees	Nigeria 70: The Definitive Story of 1970s Funky Lagos	no_match	
The Golden Harmonizers	Boddie Recording Company: Cleveland Ohio (Disc 3: Bounty Records)	no_match	
The Gospel Ensemble	Boddie Recording Company: Cleveland Ohio (Disc 3: Bounty Records)	no_match	
The Gospel Fabulators	Boddie Recording Company: Cleveland Ohio (Disc 3: Bounty Records)	no_match	
The Gospel Hebrews	Boddie Recording Company: Cleveland Ohio (Disc 3: Bounty Records)	no_match	
The Guiding Lights	Boddie Recording Company: Cleveland Ohio (Disc 3: Bounty Records)	no_match	
The Har-You Percussion Group	Soul Of A Nation 2 (Jazz Is The Teacher Funk Is The Preacher: Afro-Centric Jazz, Street Funk And The Roots Of Rap In The Black Power Era 1969-75)	no_match	
The Harmonics	Eccentric Soul: The Way Out Label (Disc B)	no_match	
The Headlines	Boddie Recording Company: Cleveland, Ohio (Disc 2: Luau)	no_match	
The Horace Silver Quintet	Blue Note 75 (75th Anniversary MQS Collection)	no_match	
The Horace Silver Quintet & Trio	Blue Note 75 (75th Anniversary MQS Collection)	no_match	
The Horace Silver Quintet plus J.J. Johnson	Blue Note 75 (75th Anniversary MQS Collection)	no_match	
The Housing Crisis	Musicians for a Free Palestine	no_match	
The Immortals	Nigeria 70: Lagos Jump - Original Heavyweight Afrobeat Highlife & Afro-Funk	no_match	
The Jesus And Mary Chain	Lost In Translation (Music From The Motion Picture Soundtrack)	no_match	
The Jimi Hendrix Experience	Axis: Bold As Love (2018 SACD)	no_match	
The Kid LAROI	Barbie the Album (Best Weekend Ever Edition)	no_match	
The Krash Band	Skyway Soul: Gary, Indiana	no_match	
The Makers	 Personal Space: Electronic Soul 1974-1984	no_match	
The Microphones	'Window:' the Series, plus 6 others	no_match	
The Microphones	The Glow, Part 2	no_match	
The Morning Factory	Quattro III - Breaks	no_match	
The Mystery Kindaichi Band	Pacific Breeze Volume 2: Japanese City Pop, AOR & Boogie 1972-1986	no_match	
The New Year	 Personal Space: Electronic Soul 1974-1984	no_match	
The Newday	Skyway Soul: Gary, Indiana	no_match	
The North Wind of Cleveland Ohio	Boddie Recording Company: Cleveland Ohio (Disc 3: Bounty Records)	no_match	
The Occasions	Eccentric Soul: The Way Out Label (Disc A)	no_match	
The Occasions	Eccentric Soul: The Way Out Label (Disc B)	no_match	
The Ophelias	Musicians for a Free Palestine	no_match	
The Ornette Coleman Trio	Blue Note 75 (75th Anniversary MQS Collection)	no_match	
The Pharaohs	Soul Of A Nation 2 (Jazz Is The Teacher Funk Is The Preacher: Afro-Centric Jazz, Street Funk And The Roots Of Rap In The Black Power Era 1969-75)	no_match	
The Primitive Painter	Virtual Dreams: Ambient Explorations In The House & Techno Age, 1993-1997	no_match	
The Radio Dept.	Passive Aggressive: Singles 2002-2010 (Disc 1)	no_match	
The Radio Dept.	Passive Aggressive: Singles 2002-2010 (Disc 2)	no_match	
The Raining Heart	DJ-Kicks: Jessy Lanza	no_match	
The Rance Allen Group	Stax Christmas	no_match	
The Ronettes	A Christmas Gift for You from Phil Spector	no_match	
The Royal Kings	Boddie Recording Company: Cleveland Ohio (Disc 3: Bounty Records)	no_match	
The Sadistics	Pacific Breeze Volume 2: Japanese City Pop, AOR & Boogie 1972-1986	no_match	
The Sensations	Eccentric Northern Soul	no_match	
The Sensations	Eccentric Soul: The Way Out Label (Disc A)	no_match	
The Sensations	Eccentric Soul: The Way Out Label (Disc B)	no_match	
The Sequins	Eccentric Northern Soul	no_match	
The Sequins	Eccentric Soul: The Renfro Label	no_match	
The Silver Kings	Boddie Recording Company: Cleveland Ohio (Disc 3: Bounty Records)	no_match	
The Smiths	Strangeways Here We Come (Édition Studio Masters)	fetch_error	404 Client Error: Not Found for url: https://api.discogs.com/releases/4545812
The Soul Notes	Eccentric Soul: The Way Out Label (Disc A)	no_match	
The Soul Notes	Eccentric Soul: The Way Out Label (Disc B)	no_match	
The Sounds of Soul	Boddie Recording Company: Cleveland Ohio (Disc 3: Bounty Records)	no_match	
The Spiritual Believers	Boddie Recording Company: Cleveland Ohio (Disc 3: Bounty Records)	no_match	
The Springers	Eccentric Soul: The Way Out Label (Disc A)	no_match	
The Squad	Maybe I'm Dreaming	no_match	
The Staple Singers	Stax Christmas	no_match	
The Stunners	Eccentric Soul: The Renfro Label	no_match	
The Supremes	Where Did Our Love Go [2016 HDtracks]{24-96}	no_match	
The Swanee Nightingales	Boddie Recording Company: Cleveland Ohio (Disc 3: Bounty Records)	no_match	
The Temprees	Stax Christmas	no_match	
The Terrorist	Soul Jazz Records presents BLACK RIOT: Early Jungle, Rave and Hardcore	no_match	
The Three Sounds	Blue Note 75 (75th Anniversary MQS Collection)	no_match	
The Thunderclouds	Blood	no_match	
The Victory Five	Boddie Recording Company: Cleveland Ohio (Disc 3: Bounty Records)	no_match	
The Watson Brothers Band	Maybe I'm Dreaming	no_match	
Thee Oh Sees	ABOMINATION REVEALED AT LAST	no_match	
Thee Oh Sees	Carrion Crawler / The Dream	fetch_error	404 Client Error: Not Found for url: https://api.discogs.com/releases/22192465
Thelonious Monk	Blue Note 75 (75th Anniversary MQS Collection)	no_match	
Thomas Melchior	Windowshopping	no_match	
Thorsten Quaeschning	Synthesist (40th Anniversary Edition)	no_match	
Thousand Foot Whale Claw	Holodeck Vision One	no_match	
Time Wharp, Elizabeth Glenn-Copeland, & Beverly Glenn-Copeland	TRANSA	no_match	
Tina Brooks	Blue Note 75 (75th Anniversary MQS Collection)	no_match	
Titonton Duvanté & Morgan Geist	Trace Elements Vol. 3	no_match	
To Rococo Rot	Dinner Music For Clubbers: Peter Grummich Plays Staubgold	no_match	
Tokio Ono	Music for Resorts	no_match	
Tom Lageveen	Program 2: Electric Musings from the Hoosier Flatlands & Other Distant Zones	no_match	
Tom Lageveen	SPECTRUM I	no_match	
Tom Lageveen and the Subliminal Self-Help Tape Big Band	Spectrum I	no_match	
Tom of England	Soul Jazz Records Presents Two Synths A Guitar (And) A Drum Machine - Post Punk Dance Vol.1	no_match	
Tomoko Aran	Pacific Breeze Volume 2: Japanese City Pop, AOR & Boogie 1972-1986	no_match	
Tomoko Soryo	Pacific Breeze: Japanese City Pop, AOR & Boogie 1976-1986	no_match	
Tomoyuki Asakawa (朝川朋之)	Endless Tide (ゆくえなき夜に)	no_match	
Tony Allen & His Afro Messengers	Nigeria 70: The Definitive Story of 1970s Funky Lagos	no_match	
Tony Tete Harbor & The Stars Heaters Of Nigeria	Nigeria 70: Lagos Jump - Original Heavyweight Afrobeat Highlife & Afro-Funk	no_match	
Tops	Like Someone I Know: A Celebration of Margo Guryan	no_match	
Toresch	Soul Jazz Records Presents Two Synths A Guitar (And) A Drum Machine - Post Punk Dance Vol.1	no_match	
Toro y Moi	Inclusion	no_match	
Tribe (Wendell Harrison & Philip Ranelin)	Soul Of A Nation 2 (Jazz Is The Teacher Funk Is The Preacher: Afro-Centric Jazz, Street Funk And The Roots Of Rap In The Black Power Era 1969-75)	no_match	
Trio Bydoli	Congo Funk! - Sound Madness From The Shores Of The Mighty Congo River (Kinshasa/​​Brazzaville 1969​-​1982)	no_match	
Trio Madjesi & Sosoliso	Congo Revolution	no_match	
Trip One	Soul Jazz Records presents BLACK RIOT: Early Jungle, Rave and Hardcore	no_match	
Tristan Arp	Music for Resorts	no_match	
Troller	Holodeck Vision One	no_match	
Tunde Mabadu	Nigeria 70 - Sweet Times - Afro-Funk, Highlife & Juju From 1970s Lagos	no_match	
Tunji Oyelana & The Benders	Nigeria 70: The Definitive Story of 1970s Funky Lagos	no_match	
Twice As Nice	Maybe I'm Dreaming	no_match	
Ty Karim	Eccentric Northern Soul	no_match	
Ty Segall	May the Circle Remain Unbroken: a Tribute to Roky Erickson	no_match	
U.S. Aries	 Personal Space: Electronic Soul 1974-1984	no_match	
UnknownmiX	Intenta: Experimental & Electronic Music from Switzerland 1981-93	no_match	
VVV	Holodeck Vision One	no_match	
Va'adat Harigim	Ha'Olam Avad Mizman	no_match	
Valium Aggelein	Black Moon	fetch_error	404 Client Error: Not Found for url: https://api.discogs.com/releases/15352896
Various Artists	A Merge Group Plays Heroes	no_match	
Vegyn & Danny L. Harle	Don't Follow Me Because I'm Lost Too!!	no_match	
Vegyn & Ethan P. Flynn	The Road To Hell Is Paved With Good Intentions	no_match	
Vegyn & John Glacier	The Road To Hell Is Paved With Good Intentions	no_match	
Vegyn & John Keek	Don't Follow Me Because I'm Lost Too!!	no_match	
Vegyn & LAUREN AUDER	The Road To Hell Is Paved With Good Intentions	no_match	
Vegyn & Lord Apex	Don't Follow Me Because I'm Lost Too!!	no_match	
Vegyn & M.I.C	Don't Follow Me Because I'm Lost Too!!	no_match	
Vegyn & Mk.Gee	Don't Follow Me Because I'm Lost Too!!	no_match	
Vegyn & Teo Halm & Michael Uzowuru	Don't Follow Me Because I'm Lost Too!!	no_match	
Vegyn Feat. John Glacier	The Road To Hell Is Paved With Good Intentions	no_match	
Vegyn Feat. Léa Sen	The Road To Hell Is Paved With Good Intentions	no_match	
Vegyn Feat. Matt Maltese	The Road To Hell Is Paved With Good Intentions	no_match	
Verna & Rob	Eccentric Soul: The Way Out Label (Disc A)	no_match	
Verna and Rob	Eccentric Soul: The Way Out Label (Disc B)	no_match	
Vex Ruffin & Fab 5 Freddy	Soul Jazz Records Presents Two Synths A Guitar (And) A Drum Machine - Post Punk Dance Vol.1	no_match	
Victor Feldman	The Arrival of Victor Feldman!	no_match	
Vince Guaraldi Trio	Jazz Impressions Of Black Orpheus (2002 AP Hybrid SACD)	no_match	
Viola Edwards	Eccentric Soul: The Renfro Label	no_match	
Virgin Pool	Holodeck Vision One	no_match	
Virgo	Virtual Dreams II - Ambient Explorations In The House & Techno Age, Japan 1993-1999	no_match	
Volcanic Eruption	Eccentric Soul: The Way Out Label (Disc B)	no_match	
Volta Jazz	Bobo Yéyé: Belle Epoque in Upper Volta	no_match	
Von Spar	Album I	no_match	
Von Spar	Album II (feat. Joe Talia & Tatsuhisa Yamamoto)	no_match	
Vondors	Eccentric Soul: Capitol City Soul	no_match	
Washer	Musicians for a Free Palestine	no_match	
Wayne Shorter	Blue Note 75 (75th Anniversary MQS Collection)	no_match	
Web	Virtual Dreams II - Ambient Explorations In The House & Techno Age, Japan 1993-1999	no_match	
Weezer	Pinkerton	fetch_error	404 Client Error: Not Found for url: https://api.discogs.com/releases/23081681
William Onyeabor	Nigeria 70: The Definitive Story of 1970s Funky Lagos	no_match	
William Tyler	William Tyler - Future Myths	no_match	
Wilton Crump	Skyway Soul: Gary, Indiana	no_match	
Windows1995	Holodeck Vision One	no_match	
Wings of Faith Juniors of Grand Rapids, MI	Boddie Recording Company: Cleveland Ohio (Disc 3: Bounty Records)	no_match	
Wino D	Soul Jazz Records Presents Two Synths A Guitar (And) A Drum Machine - Post Punk Dance Vol.1	no_match	
Wire	Pink Flag [Restless Retro 7 72360-2]	no_match	
Witch	Third Man Live	no_match	
Wombo	Fairy Rust & Selected Demos	no_match	
Wombo	Slab	no_match	
Yama Yuki	Music for Resorts	no_match	
Yasuko Agawa	Pacific Breeze: Japanese City Pop, AOR & Boogie 1976-1986	no_match	
Yaya Bey	TRANSA	no_match	
Yes	Close To The Edge	fetch_error	404 Client Error: Not Found for url: https://api.discogs.com/releases/26191427
Yes	Fragile	fetch_error	404 Client Error: Not Found for url: https://api.discogs.com/releases/15127611
Yes	Relayer (1st press Japan 18P2-2887 1989)	no_match	
Yo La Tengo	Fade	fetch_error	404 Client Error: Not Found for url: https://api.discogs.com/releases/9848203
Yoko Ono	SYR 4: Goodbye 20th Century	no_match	
Youbet	Musicians for a Free Palestine	no_match	
Yu Imai	Pacific Breeze Volume 2: Japanese City Pop, AOR & Boogie 1972-1986	no_match	
Yuji Toriyama	Pacific Breeze Volume 2: Japanese City Pop, AOR & Boogie 1972-1986	no_match	
Yukako Hayase	Pacific Breeze 3: Japanese City Pop, AOR & Boogie 1975-1986	no_match	
Yukihiro Fukutomi	Virtual Dreams II - Ambient Explorations In The House & Techno Age, Japan 1993-1999	no_match	
Yukihiro Takahashi	Pacific Breeze: Japanese City Pop, AOR & Boogie 1976-1986	no_match	
Yumi Iwaki	Music for Resorts	no_match	
Yumi Murata	Pacific Breeze Volume 2: Japanese City Pop, AOR & Boogie 1972-1986	no_match	
Yussef Dayes Feat. Rocco Palladino	Black Classical Music	no_match	
Yussef Dayes Feat. Tom Misch	Black Classical Music	no_match	
Yussef Dayes Feat. Venna & Charlie Stacey	Black Classical Music	no_match	
Zaiko Langa Langa	Congo Funk! - Sound Madness From The Shores Of The Mighty Congo River (Kinshasa/​​Brazzaville 1969​-​1982)	no_match	
Zeal Onyia & His Music	Nigeria 70 - Sweet Times - Afro-Funk, Highlife & Juju From 1970s Lagos	no_match	
Zongamin	Soul Jazz Records Presents Two Synths A Guitar (And) A Drum Machine - Post Punk Dance Vol.1	no_match	
airport people	lp2	no_match	
ana roxanne	~~~	no_match	
ann annie	don't get caught	no_match	
ari solus	i've hurt people (compilation)	no_match	
bobbie	Musicians for a Free Palestine	no_match	
chelsea wolfe	May the Circle Remain Unbroken: a Tribute to Roky Erickson	no_match	
corntuth	letters to my robot son	no_match	
gena	fluid flows & spirals glow	no_match	
hemlock	Musicians for a Free Palestine	no_match	
juSt b & Norb	Quattro III - Redux	no_match	
minakumari	Rang	no_match	
north americans	lost tracks	no_match	
orchid mantis	b-sides & ephemera (2014-2020)	no_match	
orchid mantis	compositions on midi and tape	no_match	
orchid mantis	instrumentals 2018	no_match	
pulseCoder	Holodeck Vision One	no_match	
solid squares	tractable colors	no_match	
speaKwave	QuattroIII - Tempo	no_match	
teen suicide	It's the Big Joyous Celebration, Let's Stir the Honeypot	fetch_error	404 Client Error: Not Found for url: https://api.discogs.com/releases/19333423
teen suicide	dc snuff film + waste yourself	no_match	
tommy oeffling	"hand-in-hand"	no_match	
tommy oeffling	"the subtle art of jaywalking"	no_match	
เรวัต พุทธินันทน์	เต๋อ 2	no_match	
きゃりーぱみゅぱみゅ	キャンディーレーサー	no_match	
セラフィム	BGM 1980-2000	no_match	
メトロミュー	STELLAR BOX	no_match	
モダンパストラル	BGM 1980-2000	no_match	
吉村弘	Flora 1987	no_match	
吉村弘	Quiet Forest	no_match	
吉村弘	Soft Wave for Automatic Music Box	no_match	
坂本龍一	Ryuichi Sakamoto: Playing the Piano 12122020	no_match	
山下達郎	FOR YOU	no_match	
新津彰夫	BGM 1980-2000	no_match	
池田芳夫	Anemophilous Flower 風媒花	no_match	
矢野顕子	いろはにこんぺいとう	no_match	
細野晴臣	BGM 1980-2000	no_match	
細野晴臣	花に水	no_match	
蓜島邦明	BGM 1980-2000	no_match	
越美晴	Make up	no_match	
이민휘	빌린 입	no_match	
