api,genre
discogs,abstract
discogs,acid
discogs,acid jazz
discogs,acoustic
discogs,african
discogs,afro-cuban
discogs,afro-cuban jazz
discogs,afrobeat
discogs,alt-pop
discogs,alternative rock
discogs,ambient
discogs,aor
discogs,art rock
discogs,avant-garde jazz
discogs,avantgarde
discogs,balearic
discogs,ballad
discogs,baroque
discogs,baroque pop
discogs,bass music
discogs,berlin-school
discogs,bluegrass
discogs,blues
discogs,blues rock
discogs,boogie
discogs,boom bap
discogs,bop
discogs,bossa nova
discogs,bossanova
discogs,breakbeat
discogs,breaks
discogs,broken beat
discogs,bubblegum
discogs,chanson
discogs,chillwave
discogs,city pop
discogs,classic rock
discogs,classical
discogs,conscious
discogs,contemporary
discogs,contemporary jazz
discogs,contemporary r&b
discogs,cool jazz
discogs,country
discogs,country rock
discogs,dance-pop
discogs,dancehall
discogs,dark jazz
discogs,deconstructed club
discogs,deep house
discogs,disco
discogs,doo wop
discogs,downtempo
discogs,dream pop
discogs,drone
discogs,drum n bass
discogs,dub
discogs,dub techno
discogs,dubstep
discogs,easy listening
discogs,electro
discogs,electro house
discogs,electroacoustic
discogs,electronic
discogs,emo
discogs,ethereal
discogs,europop
discogs,experimental
discogs,folk
discogs,folk rock
discogs,"folk, world, & country"
discogs,footwork
discogs,free improvisation
discogs,free jazz
discogs,funk
discogs,funk / soul
discogs,fusion
discogs,future jazz
discogs,future pop
discogs,g-funk
discogs,garage rock
discogs,glam
discogs,glitch
discogs,go-go
discogs,gospel
discogs,grunge
discogs,happy hardcore
discogs,hard bop
discogs,hard rock
discogs,hardcore
discogs,hardcore hip-hop
discogs,heavy metal
discogs,hip hop
discogs,hip-house
discogs,holiday
discogs,house
discogs,hyperpop
discogs,hypnagogic pop
discogs,idm
discogs,illbient
discogs,impressionist
discogs,indie pop
discogs,indie rock
discogs,industrial
discogs,instrumental
discogs,italo-disco
discogs,j-pop
discogs,j-rock
discogs,jangle pop
discogs,jazz
discogs,jazz-funk
discogs,jazz-rock
discogs,jazzy hip-hop
discogs,jungle
discogs,krautrock
discogs,latin
discogs,latin jazz
discogs,leftfield
discogs,lo-fi
discogs,lounge
discogs,makina
discogs,math rock
discogs,midwest emo
discogs,minimal
discogs,modal
discogs,modern classical
discogs,mpb
discogs,musique concrète
discogs,neo soul
discogs,neo-classical
discogs,neo-romantic
discogs,new age
discogs,new wave
discogs,no wave
discogs,noise
discogs,noise rock
discogs,non-music
discogs,nu-disco
discogs,p.funk
discogs,parody
discogs,pop
discogs,pop rap
discogs,pop rock
discogs,post bop
discogs,post rock
discogs,post-hardcore
discogs,post-modern
discogs,post-punk
discogs,prog rock
discogs,progressive metal
discogs,psychedelic
discogs,psychedelic rock
discogs,punk
discogs,rhythm & blues
discogs,rnb/swing
discogs,rock
discogs,rock & roll
discogs,samba
discogs,score
discogs,shoegaze
discogs,slowcore
discogs,sludge metal
discogs,smooth jazz
discogs,soft rock
discogs,soul
discogs,soul-jazz
discogs,sound art
discogs,sound collage
discogs,soundtrack
discogs,space rock
discogs,speed metal
discogs,spiritual jazz
discogs,spirituals
discogs,spoken word
discogs,stage & screen
discogs,stoner rock
discogs,surf
discogs,symphonic rock
discogs,synth-pop
discogs,synthwave
discogs,tech house
discogs,techno
discogs,theme
discogs,thrash
discogs,trap
discogs,tribal
discogs,trip hop
discogs,vocal
discogs,zydeco
lastfm, 
lastfm,00's
lastfm,00s
lastfm,100
lastfm,1001 albums you must hear before you die
lastfm,1002
lastfm,10s
lastfm,11
lastfm,12k
lastfm,16bit 44100hz
lastfm,17th century
lastfm,1950s
lastfm,1957
lastfm,1958
lastfm,1959
lastfm,1960
lastfm,1961
lastfm,1962
lastfm,1963
lastfm,1964
lastfm,1965
lastfm,1966
lastfm,1967
lastfm,1968
lastfm,1969
lastfm,1970
lastfm,1970's
lastfm,1970s
lastfm,1971
lastfm,1972
lastfm,1973
lastfm,1974
lastfm,1975
lastfm,1976
lastfm,1977
lastfm,1978
lastfm,1979
lastfm,1980
lastfm,1980s
lastfm,1981
lastfm,1982
lastfm,1983
lastfm,1984
lastfm,1985
lastfm,1986
lastfm,1987
lastfm,1988
lastfm,1989
lastfm,1990
lastfm,1990s
lastfm,1991
lastfm,1992
lastfm,1993
lastfm,1994
lastfm,1995
lastfm,1996
lastfm,1997
lastfm,1998
lastfm,1999
lastfm,2-step
lastfm,2000
lastfm,2000s
lastfm,2001
lastfm,2002
lastfm,2003
lastfm,2004
lastfm,2005
lastfm,2006
lastfm,2007
lastfm,2008
lastfm,2009
lastfm,2009 albums
lastfm,2010
lastfm,2010s
lastfm,2011
lastfm,2011 favorites
lastfm,2012
lastfm,2012 releases
lastfm,2013
lastfm,2013 releases
lastfm,2014
lastfm,2014 releases
lastfm,2014: albums
lastfm,2015
lastfm,2015: albums
lastfm,2016
lastfm,2016 releases
lastfm,2016 releasess
lastfm,2017
lastfm,2017 albums
lastfm,2017 releases
lastfm,2018
lastfm,2018 albums
lastfm,2019
lastfm,2019 albums
lastfm,2020
lastfm,2020 albums
lastfm,2020s
lastfm,2021
lastfm,2021 albums
lastfm,2021 releases
lastfm,2022
lastfm,2022 albums
lastfm,2022 releases
lastfm,2023
lastfm,2023 albums
lastfm,2023 releases
lastfm,2024
lastfm,2025
lastfm,20th century
lastfm,20th century classical
lastfm,21st century
lastfm,21th century
lastfm,3
lastfm,3-5
lastfm,4-25
lastfm,4ad
lastfm,4ad worship
lastfm,5 stars
lastfm,50s
lastfm,5432fun
lastfm,60's
lastfm,60s
lastfm,70's
lastfm,70s
lastfm,70s-80s idols
lastfm,77davez-artists
lastfm,808
lastfm,80er
lastfm,80s
lastfm,80s-influenced
lastfm,90s
lastfm,90s emo
lastfm,:3
lastfm,a campire and a tent and a flashlight and some matches and a tree and that river and my glasses and a spaceship and a really really big bear but the bear is really really far away
lastfm,a party on another planet
lastfm,a perfect ending to a perfect album
lastfm,a tribe called quest
lastfm,aacm
lastfm,aaliyah
lastfm,absolute chad
lastfm,abstract
lastfm,abstract album covers
lastfm,abstract hip hop
lastfm,abstract hip-hop
lastfm,academic music
lastfm,accordion
lastfm,accoustic
lastfm,acerbic
lastfm,achingly intelligent
lastfm,acid
lastfm,acid folk
lastfm,acid house
lastfm,acid jazz
lastfm,acid rock
lastfm,acid techno
lastfm,acid trance
lastfm,acoustic
lastfm,acoustic guitar
lastfm,acoustic rock
lastfm,acousticguitar
lastfm,actor
lastfm,acute sounds
lastfm,adrian belew
lastfm,africa
lastfm,african
lastfm,african funk
lastfm,african jazz
lastfm,african psych
lastfm,africosmic
lastfm,afro
lastfm,afro disco
lastfm,afro funk
lastfm,afro-beat
lastfm,afro-cuban
lastfm,afro-cuban jazz
lastfm,afro-disco
lastfm,afro-funk
lastfm,afro-fusion
lastfm,afro-jazz
lastfm,afro-pop
lastfm,afrobeat
lastfm,afrocuban percussion
lastfm,afrofunk
lastfm,aggressive
lastfm,aggressive elevator soul
lastfm,ahmad jamal
lastfm,al green
lastfm,alac
lastfm,album art
lastfm,album collection
lastfm,album rock
lastfm,albums
lastfm,albums i have listened
lastfm,albums i own on vinyl
lastfm,albums i want
lastfm,albums ive cut to
lastfm,albums to listen to while lying in bed completely alone with my eyes closed and all lights off thinking about nothing at all and just letting myself go
lastfm,alex g
lastfm,alex turner
lastfm,alexcore
lastfm,all
lastfm,all the cds i own and have yet to hear
lastfm,all time favorite records
lastfm,all time great albums
lastfm,all-time favorite
lastfm,all-time favourite
lastfm,allmusicc
lastfm,alt country
lastfm,alt rock
lastfm,alt-country
lastfm,alt-folk
lastfm,alt-pop
lastfm,alt-rock
lastfm,alter ego
lastfm,alternative
lastfm,alternative country
lastfm,alternative dance
lastfm,alternative en indie
lastfm,alternative folk
lastfm,alternative hip hop
lastfm,alternative hip-hop
lastfm,alternative metal
lastfm,alternative pop
lastfm,alternative rap
lastfm,alternative rnb
lastfm,alternative rock
lastfm,"alternative, indie rock, rock"
lastfm,alternative; indie pop; indie rock
lastfm,alternative; indie rock; pop rock; rock
lastfm,alto sax
lastfm,amazing
lastfm,ambient
lastfm,ambient americana
lastfm,ambient country
lastfm,ambient drone
lastfm,ambient dub
lastfm,ambient electronica
lastfm,ambient folk
lastfm,ambient house
lastfm,ambient jazz
lastfm,ambient piano
lastfm,ambient pop
lastfm,ambient techno
lastfm,ambient-techno
lastfm,ambiental
lastfm,ambiente
lastfm,america
lastfm,american
lastfm,american indie
lastfm,american primitive
lastfm,american primitive guitar
lastfm,american primitivism
lastfm,american shoegaze
lastfm,americana
lastfm,amvient
lastfm,analog africa
lastfm,analogue and digital
lastfm,and the punk in me
lastfm,andes
lastfm,angry
lastfm,anime
lastfm,anna sian
lastfm,anniversary
lastfm,another questionmark
lastfm,anti-
lastfm,anticon
lastfm,aor
lastfm,aoty
lastfm,aoty2023list
lastfm,arctic monkeys
lastfm,argentina
lastfm,argentinian
lastfm,ariana grande
lastfm,arizona
lastfm,armchair techno
lastfm,armitage
lastfm,around the world
lastfm,art pop
lastfm,art puk
lastfm,art punk
lastfm,art rock
lastfm,asciiecho
lastfm,asian
lastfm,asian music
lastfm,asian pop
lastfm,asthmatic kitty
lastfm,atl
lastfm,atlanta
lastfm,atlanta bass
lastfm,atmospheric
lastfm,atmospheric drum and bass
lastfm,austin
lastfm,australia
lastfm,australian
lastfm,austria
lastfm,austrian
lastfm,auto-tune
lastfm,autumn
lastfm,avant garde
lastfm,avant rock
lastfm,avant-folk
lastfm,avant-garde
lastfm,avant-garde jazz
lastfm,avant-jazz
lastfm,avant-prog
lastfm,avant-rock
lastfm,avantgarde
lastfm,awesome tapes from africa
lastfm,baby baby love
lastfm,baby come back to ellokal
lastfm,bagel
lastfm,bagels suck
lastfm,balearic
lastfm,balearic beat
lastfm,ballad
lastfm,ballads
lastfm,ballroom
lastfm,baltimore
lastfm,bandcamp
lastfm,bandcamp gems
lastfm,banger
lastfm,banjo
lastfm,barbie the álbum
lastfm,barcelona
lastfm,baroque
lastfm,baroque pop
lastfm,basic channel
lastfm,bass
lastfm,be happy
lastfm,beat
lastfm,beatles
lastfm,beats
lastfm,beautiful
lastfm,bebop
lastfm,bedrock
lastfm,bedroom
lastfm,bedroom pop
lastfm,bedroom rock
lastfm,beer music
lastfm,belgian
lastfm,belgium
lastfm,berlin
lastfm,berlin school
lastfm,berro
lastfm,best
lastfm,best album covers
lastfm,best albums ever
lastfm,best albums of 1973
lastfm,best albums of 2011
lastfm,best albums of 2014
lastfm,best albums of the 1960's
lastfm,best albums of the 1990s
lastfm,best compilations
lastfm,best jazz piano
lastfm,best new reissues
lastfm,best of 1998
lastfm,best of 2004
lastfm,best of 2005
lastfm,best of 2006
lastfm,best of 2007
lastfm,best of 2008
lastfm,best of 2009
lastfm,best of 2010
lastfm,best of 2011
lastfm,best of 2012
lastfm,best of 2013
lastfm,best of 2014
lastfm,best of 2015
lastfm,best of 2016
lastfm,best of 2017
lastfm,best of 2018
lastfm,best of 2019
lastfm,best of 2020
lastfm,best of 2022
lastfm,best of 2023
lastfm,best of 2024
lastfm,bestalbums2021
lastfm,beyonce
lastfm,beyondwithin
lastfm,bh hip-hop
lastfm,bill evans
lastfm,billie eilish
lastfm,birds
lastfm,birp
lastfm,bison
lastfm,black classical music
lastfm,black jazz records
lastfm,black metal
lastfm,blackpool mecca
lastfm,blacktronica
lastfm,blackwave
lastfm,blade
lastfm,blank and the blanks
lastfm,blaxploitation
lastfm,bleak
lastfm,bliss
lastfm,blood
lastfm,bloomington
lastfm,blue covers
lastfm,blue note
lastfm,blue note records
lastfm,bluegrass
lastfm,blues
lastfm,blues bar
lastfm,blues rock
lastfm,bobo dioulasso
lastfm,boisterous
lastfm,bolero
lastfm,boogie
lastfm,boom bap
lastfm,booty clap
lastfm,bop
lastfm,bossa nova
lastfm,boston indie
lastfm,bounce
lastfm,boy group
lastfm,boycott
lastfm,br1stol
lastfm,braindance
lastfm,brainfeeder
lastfm,brasil
lastfm,brat
lastfm,brazil
lastfm,brazilian
lastfm,brazilian jazz
lastfm,brazilian; funk; latin; pop; soul
lastfm,breakbeat
lastfm,breakbeat hardcore
lastfm,breakbeats
lastfm,breakcore
lastfm,breaks
lastfm,breakup
lastfm,bridge underwater
lastfm,brill building
lastfm,brilliant
lastfm,bristol
lastfm,brit pop
lastfm,britain
lastfm,british
lastfm,british indie
lastfm,british invasion
lastfm,britpop
lastfm,broken beat
lastfm,brooding
lastfm,brooklyn
lastfm,brutal death metal
lastfm,brutal prog
lastfm,bubblegrunge
lastfm,bubblegum bass
lastfm,bummer
lastfm,burger records
lastfm,burgerrecords
lastfm,burkina faso
lastfm,burkino faso
lastfm,busta rhymes
lastfm,c86
lastfm,california
lastfm,calm
lastfm,cambrian o clock
lastfm,cameroon
lastfm,cameroonian
lastfm,canada
lastfm,canadian
lastfm,canadians
lastfm,candidates
lastfm,cannonball adderley
lastfm,cantautor
lastfm,cantautori
lastfm,canterbury scene
lastfm,cantopop
lastfm,cape jazz
lastfm,capsoul records
lastfm,captured tracks
lastfm,carlos garnett
lastfm,cartoon album covers
lastfm,cassette
lastfm,catala
lastfm,catalan
lastfm,catalonia
lastfm,cd i own
lastfm,cds i own and have yet to hear
lastfm,cello
lastfm,celtic
lastfm,chain reaction
lastfm,chamber folk
lastfm,chamber jazz
lastfm,chamber music
lastfm,chamber pop
lastfm,chanson
lastfm,chanson française
lastfm,charlie brown
lastfm,charlie byrd
lastfm,charts
lastfm,check
lastfm,check later
lastfm,check out
lastfm,chicago
lastfm,chicago house
lastfm,chicago soul
lastfm,chicha
lastfm,chicha sicodelica
lastfm,chick corea
lastfm,chiemsee
lastfm,chill
lastfm,chill breaks
lastfm,chill out
lastfm,chill-out
lastfm,chill906
lastfm,chilled house
lastfm,chillhop
lastfm,chillout
lastfm,chillwave
lastfm,chinese
lastfm,choir
lastfm,choral
lastfm,christian
lastfm,christian metal
lastfm,christian rock
lastfm,christmas
lastfm,christmas albums
lastfm,christmas jazz
lastfm,christmas music
lastfm,cinematic
lastfm,city pop
lastfm,civil rights
lastfm,clap clap clap
lastfm,clara moroni
lastfm,clarinet
lastfm,clasicram
lastfm,classic
lastfm,classic albums
lastfm,classic blues
lastfm,classic electro
lastfm,classic jazz
lastfm,classic rock
lastfm,classic soul
lastfm,classical
lastfm,classical guitar
lastfm,classical music
lastfm,classical piano
lastfm,classical symphony
lastfm,cleveland
lastfm,clinically romantic
lastfm,close harmony
lastfm,cloud nine
lastfm,cloud rap
lastfm,club
lastfm,cocoon
lastfm,cold wave
lastfm,coldwave
lastfm,collab
lastfm,collaboration
lastfm,collection
lastfm,college rock
lastfm,colombia
lastfm,colombian
lastfm,color
lastfm,color vinyl
lastfm,colorful album covers
lastfm,colours
lastfm,colt
lastfm,coltrane
lastfm,comedy
lastfm,common
lastfm,complex
lastfm,composer
lastfm,composers
lastfm,compton
lastfm,computer love
lastfm,concept albums
lastfm,conceptual
lastfm,conductor
lastfm,congas
lastfm,congo
lastfm,congo funk
lastfm,congo-brazzaville
lastfm,conguero
lastfm,connecticut
lastfm,conscious hip hop
lastfm,constellation
lastfm,contemporary
lastfm,contemporary classical
lastfm,contemporary country
lastfm,contemporary folk
lastfm,contemporary jazz
lastfm,contemporary r&b
lastfm,contemporary r-b
lastfm,contemporary rnb
lastfm,cool
lastfm,cool jazz
lastfm,core core
lastfm,cosmic americana
lastfm,costello 500
lastfm,country
lastfm,country pop
lastfm,country rock
lastfm,country soul
lastfm,countrytronica
lastfm,cover
lastfm,crank wave
lastfm,creative
lastfm,crucial reggae
lastfm,crust
lastfm,crystal
lastfm,cti recording
lastfm,cti records
lastfm,cuba
lastfm,cuba rumba
lastfm,cuban
lastfm,cuban funk
lastfm,cult
lastfm,cultura profetica
lastfm,cultural artist
lastfm,cumbia
lastfm,cumbia peruana
lastfm,cumbia selvatica
lastfm,cuntry
lastfm,cunty
lastfm,cute
lastfm,cyberkills
lastfm,dance
lastfm,dance party
lastfm,dance pop
lastfm,dance-pop
lastfm,dance-punk
lastfm,dancehall
lastfm,dark
lastfm,dark ambient
lastfm,dark cabaret
lastfm,dark folk
lastfm,dark hardcore
lastfm,dark jazz
lastfm,dark pop
lastfm,dark trap
lastfm,dark wave
lastfm,darkwave
lastfm,darmstadt
lastfm,dave brubeck
lastfm,dbdbdbdbdbdbdbdbdbdbdb
lastfm,de zeven reizen van sinbad de zeeman
lastfm,dead guys
lastfm,dead oceans
lastfm,death doom metal
lastfm,death metal
lastfm,debut
lastfm,deconstructed club
lastfm,deep
lastfm,deep ambient
lastfm,deep and dark
lastfm,deep house
lastfm,deep soul
lastfm,deep techno
lastfm,deephouse
lastfm,deezer
lastfm,delta
lastfm,deluxe
lastfm,democratic republic of congo
lastfm,depressive
lastfm,desert island discs
lastfm,desire
lastfm,detroit
lastfm,detroit rap
lastfm,detroit techno
lastfm,deutsch
lastfm,deutsche schlager
lastfm,deutschland
lastfm,devo worship
lastfm,digital
lastfm,digital hardcore
lastfm,dirty south
lastfm,disco
lastfm,disco / boogie / funk
lastfm,disco polo
lastfm,disco-punk
lastfm,discos de cabecera
lastfm,disney
lastfm,distorted voice
lastfm,diva
lastfm,dj
lastfm,dj nehpets
lastfm,djing
lastfm,dnb
lastfm,does shoe glaze make shoes shinier or taste better
lastfm,domino
lastfm,donald byrd
lastfm,donna summer
lastfm,doo wop
lastfm,doo-wop
lastfm,doom death metal
lastfm,doom folk
lastfm,doom metal
lastfm,doomgaze
lastfm,doorchaserpop
lastfm,doul
lastfm,downtempo
lastfm,dr congo
lastfm,drag city
lastfm,dramatic
lastfm,drc
lastfm,dream
lastfm,dream house
lastfm,dream pop
lastfm,dream rock
lastfm,dreams
lastfm,dreamy
lastfm,drill
lastfm,drill and bass
lastfm,driving
lastfm,driving at night
lastfm,drjazzmrfunkmusic
lastfm,drone
lastfm,drone ambient
lastfm,drone rock
lastfm,drugs
lastfm,drum and bass
lastfm,drum n bass
lastfm,drummer
lastfm,drums
lastfm,dub
lastfm,dub techno
lastfm,dubby
lastfm,dublab
lastfm,dubstep
lastfm,dubtech
lastfm,dubtribe sound system
lastfm,duet
lastfm,duets
lastfm,duo
lastfm,durban
lastfm,duster
lastfm,dutch
lastfm,dy
lastfm,dzrt shores
lastfm,east coast
lastfm,east coast hip hop
lastfm,east coast rap
lastfm,easy listening
lastfm,easylistening jazz
lastfm,ebm
lastfm,eccentric
lastfm,eclectic hip hop
lastfm,eclectic worldwide soul
lastfm,ecm records
lastfm,ecm style jazz
lastfm,ecstasy
lastfm,ed banger
lastfm,edge playlist
lastfm,edits
lastfm,edu e marco
lastfm,eerie
lastfm,egg punk
lastfm,elaborate
lastfm,electric blues
lastfm,electro
lastfm,electro acoustic
lastfm,electro pop
lastfm,electro wave
lastfm,electro-acoustic
lastfm,electro-country
lastfm,electro-disco
lastfm,electro-industrial
lastfm,electroacoustic
lastfm,electroacoustic improv
lastfm,electroclash
lastfm,electronic
lastfm,electronic glitch
lastfm,electronic superhighway
lastfm,electronic techno
lastfm,electronica
lastfm,electropop
lastfm,electropunk
lastfm,elephant 6
lastfm,eletronica
lastfm,emo
lastfm,emo rap
lastfm,emo-pop
lastfm,emocore
lastfm,emotional
lastfm,emusic
lastfm,en
lastfm,energetic
lastfm,england
lastfm,english
lastfm,english group
lastfm,eno
lastfm,eps 2014
lastfm,erik satie
lastfm,esp-disk
lastfm,essaehdagiselledapandlr
lastfm,essential
lastfm,estrus records
lastfm,ethan bassford
lastfm,ethereal
lastfm,ethereal wave
lastfm,ethio-jazz
lastfm,ethiopia
lastfm,ethiopian
lastfm,ethiopian jazz
lastfm,ethnic
lastfm,eurobeat
lastfm,eurorack
lastfm,eurovision
lastfm,eurovision song contest
lastfm,everything
lastfm,exacerbate
lastfm,exotic
lastfm,experimental
lastfm,experimental big band
lastfm,experimental buy unjudged
lastfm,experimental hip hop
lastfm,experimental hip-hop
lastfm,experimental jazz
lastfm,experimental pop
lastfm,experimental rap
lastfm,experimental rock
lastfm,experimental stuff i cannot put my finger on
lastfm,extraordinary
lastfm,f-hubbard
lastfm,fag
lastfm,fail
lastfm,fake techno
lastfm,fantastic opener
lastfm,fat possum records
lastfm,fav
lastfm,fav love songs
lastfm,fave
lastfm,fave indie pop
lastfm,faves
lastfm,favorite album
lastfm,favorites 2013
lastfm,favourite albums
lastfm,favourite jazz
lastfm,favourite visual kei
lastfm,fax 49-69450464
lastfm,fax records
lastfm,feist
lastfm,fela kuti
lastfm,female fronted metal
lastfm,female fronted punk
lastfm,female power voice
lastfm,female singer-songwriter
lastfm,female soul vocalists
lastfm,female vocal
lastfm,female vocalist
lastfm,female vocalists
lastfm,female vocals
lastfm,fhubbard
lastfm,field recordings
lastfm,filthy and ugly punk n roll
lastfm,fingerstyle
lastfm,finished
lastfm,five
lastfm,flac
lastfm,flamenco
lastfm,flamenco nuevo
lastfm,flamenco pop
lastfm,flashwave
lastfm,flawless
lastfm,florida
lastfm,flute
lastfm,fluxus
lastfm,fm 4
lastfm,fm shades
lastfm,folk
lastfm,folk pop
lastfm,folk punk
lastfm,folk rock
lastfm,folk-pop
lastfm,folk-rock
lastfm,folktronica
lastfm,footwork
lastfm,for the real americans
lastfm,foreign
lastfm,fortnite
lastfm,four
lastfm,fourth world
lastfm,france
lastfm,francophone
lastfm,frank zappa
lastfm,frankfurt am main
lastfm,frauen und technik
lastfm,freak folk
lastfm,freddie hubbard
lastfm,freddie hubbard-first light-live
lastfm,free folk
lastfm,free funk
lastfm,free improvisation
lastfm,free jazz
lastfm,freepurp1e
lastfm,french
lastfm,french house
lastfm,french rock
lastfm,from: nigeria
lastfm,fucking brilliant
lastfm,fugazi
lastfm,fully streamable albums
lastfm,fun to skateboard to
lastfm,funk
lastfm,funk pop
lastfm,funk rock
lastfm,funk-punk
lastfm,funk_add_to_lidarr_batch_11
lastfm,funk_add_to_lidarr_batch_14
lastfm,funk_add_to_lidarr_batch_16
lastfm,funk_add_to_lidarr_batch_18
lastfm,funk_add_to_lidarr_batch_19
lastfm,funk_add_to_lidarr_batch_20
lastfm,funk_add_to_lidarr_batch_21
lastfm,funk_add_to_lidarr_batch_22
lastfm,funk_add_to_lidarr_batch_23
lastfm,funk_add_to_lidarr_batch_25
lastfm,funk_add_to_lidarr_batch_26
lastfm,funk_add_to_lidarr_batch_29
lastfm,funk_add_to_lidarr_batch_8
lastfm,funksoul
lastfm,funky
lastfm,funky 16 corners
lastfm,funky jesus
lastfm,funky soul
lastfm,fusion
lastfm,future bass
lastfm,future funk
lastfm,future garage
lastfm,future jazz
lastfm,future soul
lastfm,fuzz
lastfm,fuzz folk
lastfm,g-funk
lastfm,g3
lastfm,gabber
lastfm,gabon
lastfm,gambia
lastfm,game
lastfm,game music
lastfm,gammarec
lastfm,gangsta rap
lastfm,garage
lastfm,garage pop
lastfm,garage punk
lastfm,garage rock
lastfm,garage rock revival
lastfm,gary
lastfm,gbv
lastfm,gee whiz look
lastfm,genius
lastfm,geohash:c20fbq9tpx02
lastfm,german
lastfm,german electronica
lastfm,germany
lastfm,ghetto sage
lastfm,ghetto tech
lastfm,ghettotech
lastfm,ghost box
lastfm,gianniscollica
lastfm,gilbert
lastfm,gilbert linley
lastfm,ginger baker
lastfm,girl
lastfm,girl group
lastfm,girl groups
lastfm,glam metal
lastfm,glam rock
lastfm,glastonbury2015
lastfm,glitch
lastfm,glitch hop
lastfm,glitch pop
lastfm,glitch-hop
lastfm,glo-fi
lastfm,gloom
lastfm,goat
lastfm,god is a woman
lastfm,good
lastfm,goregrind
lastfm,gospel
lastfm,gospel soul
lastfm,got this one on vinyl
lastfm,goth
lastfm,gothic
lastfm,gothic metal
lastfm,gothic rock
lastfm,gqom
lastfm,grady
lastfm,grand
lastfm,graveface
lastfm,great lyrics
lastfm,great title
lastfm,grime
lastfm,grindcore
lastfm,griot
lastfm,grito
lastfm,groove
lastfm,groove metal
lastfm,groovy
lastfm,growing up
lastfm,grunge
lastfm,gs1425
lastfm,gta
lastfm,guarani
lastfm,guitar
lastfm,guitar hero
lastfm,guitar high-life
lastfm,guitar virtuoso
lastfm,guitarist
lastfm,guitarra
lastfm,hamburg
lastfm,hammond
lastfm,happiness
lastfm,happy hardcore
lastfm,hard bop
lastfm,hard rock
lastfm,hard trance
lastfm,hard-bop
lastfm,hardcore
lastfm,hardcore hip hop
lastfm,hardcore hip-hop
lastfm,hardcore punk
lastfm,hardcore rap
lastfm,hardcore techno
lastfm,harp
lastfm,harsh techno
lastfm,hauntology
lastfm,have on vinyl
lastfm,he is the guy who sings last time i saw richard
lastfm,headphones
lastfm,heard live
lastfm,heartbreak
lastfm,heartland rock
lastfm,heavenly records
lastfm,heavy bottom end
lastfm,heavy metal
lastfm,heavy rock
lastfm,heavy rotation
lastfm,herbie hancock
lastfm,hessen
lastfm,hi records
lastfm,hi-nrg
lastfm,highlife
lastfm,hillbilly
lastfm,hillybilly
lastfm,hino
lastfm,hip hop
lastfm,hip hop soul
lastfm,hip house
lastfm,hip-hop
lastfm,hiphop
lastfm,hitrecord
lastfm,hmm
lastfm,hockey-core
lastfm,holiday
lastfm,holy shit
lastfm,home collection
lastfm,hong kong
lastfm,honkytronica
lastfm,horace silver
lastfm,horror
lastfm,horrorcore
lastfm,horse
lastfm,house
lastfm,house artists
lastfm,houston
lastfm,how olivia makes me feel
lastfm,hsilver
lastfm,hsilver 5tet
lastfm,hungarian
lastfm,hypagogic
lastfm,hyperdub
lastfm,hyperpop
lastfm,hypnagogic pop
lastfm,hypnagogic pop or bedroom pop or whatever
lastfm,hypnogogic
lastfm,hypnogogic pop
lastfm,hypnotic
lastfm,i have this album
lastfm,i love ari - labi
lastfm,i love olivia soooooo much
lastfm,i love singing along
lastfm,i luv
lastfm,i need
lastfm,iceland
lastfm,icelandic
lastfm,icelandic electronic
lastfm,idm
lastfm,idol
lastfm,idol pops
lastfm,illbient
lastfm,illinois
lastfm,impressionism
lastfm,improvisation
lastfm,improvisational
lastfm,in
lastfm,in love
lastfm,in queue
lastfm,in serious like
lastfm,in the red
lastfm,india
lastfm,indiana
lastfm,indianapolis
lastfm,indie
lastfm,indie electronic
lastfm,indie emo
lastfm,indie folk
lastfm,indie pop
lastfm,indie punk
lastfm,indie rock
lastfm,indie soul
lastfm,indie surf
lastfm,indie-pop
lastfm,indie-related
lastfm,indie-rock
lastfm,indietronica
lastfm,indigothic
lastfm,indonesia
lastfm,indonesian
lastfm,industrial
lastfm,industrial hardcore
lastfm,industrial hip hop
lastfm,industrial metal
lastfm,industrial rock
lastfm,industrial techno
lastfm,infinite best recordings
lastfm,inflo
lastfm,instrumental
lastfm,instrumental grime
lastfm,instrumental hip hop
lastfm,instrumental hip-hop
lastfm,instrumental rock
lastfm,intense
lastfm,internacional - 2000
lastfm,international
lastfm,international anthem
lastfm,intro
lastfm,introspective
lastfm,investigate
lastfm,irish
lastfm,irish rock
lastfm,iron leg
lastfm,israel
lastfm,israeli
lastfm,italian
lastfm,italiana
lastfm,italo disco
lastfm,italo house
lastfm,italo-disco
lastfm,italy
lastfm,j dilla
lastfm,j-funk
lastfm,j-music
lastfm,j-pop
lastfm,j-rock
lastfm,jaeh
lastfm,jagjaguwar
lastfm,jam
lastfm,jam band
lastfm,jamaica
lastfm,jamaican
lastfm,jamal
lastfm,james brown
lastfm,james-joul - 2017 albums
lastfm,james-joul - 2017 releases - albums and eps
lastfm,jangle pop
lastfm,janglegaze
lastfm,japan
lastfm,japanese
lastfm,japanese city pop
lastfm,japanese female vocal
lastfm,japanese hip-hop
lastfm,japanese indie
lastfm,japanese jazz
lastfm,japanese techno
lastfm,japonia
lastfm,jay reatard
lastfm,jay-z
lastfm,jazz
lastfm,jazz collaboration
lastfm,jazz drums
lastfm,jazz funk
lastfm,jazz fusion
lastfm,jazz guitar
lastfm,jazz hip-hop
lastfm,jazz hop
lastfm,jazz instrumental
lastfm,jazz latin
lastfm,jazz latino
lastfm,jazz organ
lastfm,jazz piano
lastfm,jazz piano trio
lastfm,jazz pop
lastfm,jazz rap
lastfm,jazz rock
lastfm,jazz samba
lastfm,jazz saxophone
lastfm,jazz trio
lastfm,jazz trumpet
lastfm,jazz vibes
lastfm,jazz vibraphone
lastfm,jazz vocal
lastfm,jazz vocalist
lastfm,jazz vocals
lastfm,"jazz, funk / soul"
lastfm,"jazz, latin, funk / soul, folk, world, & country"
lastfm,jazz-funk
lastfm,jazz-fusion
lastfm,jazz-hop
lastfm,jazz-rock
lastfm,jazz; latin; funk / soul; world
lastfm,jazz; rock; funk / soul; aor
lastfm,jazzstep
lastfm,jazzy
lastfm,jazzy hip-hop
lastfm,jean-pierre huser
lastfm,jersey club
lastfm,jesus
lastfm,jewgaze
lastfm,jewish
lastfm,jizz jazz
lastfm,jm
lastfm,johann pachelbel
lastfm,john coltrane
lastfm,jpop
lastfm,juju
lastfm,juke
lastfm,juma
lastfm,jumper
lastfm,jungle
lastfm,just b
lastfm,k-pop
lastfm,kamen rider
lastfm,kankyo ongaku
lastfm,kansas city
lastfm,kawaii
lastfm,kayoukyoku
lastfm,keeping you up at night
lastfm,kelley stoltz
lastfm,kendrick lamar
lastfm,kenny clarke
lastfm,kenny dorham
lastfm,keyboard
lastfm,khalid
lastfm,kickasstic
lastfm,kinsella
lastfm,kiwi pop
lastfm,klamauk
lastfm,klassik
lastfm,kompakt
lastfm,korean
lastfm,kosmische
lastfm,koto
lastfm,kpop
lastfm,kpop girl group
lastfm,kranky
lastfm,kraut
lastfm,krautish
lastfm,krautrock
lastfm,kreis
lastfm,kurt rosenwinkel
lastfm,label: fax records
lastfm,labello blanco recordings
lastfm,laptop
lastfm,laswell
lastfm,latin
lastfm,latin jazz
lastfm,latin pop
lastfm,latino
lastfm,lattice
lastfm,latvia
lastfm,leftfield
lastfm,legend
lastfm,legendary
lastfm,leicester
lastfm,leicestershire
lastfm,lesbian
lastfm,lesser known yet streamable artists
lastfm,lets go dude
lastfm,level 4
lastfm,liblistened
lastfm,library
lastfm,library music
lastfm,lichen
lastfm,life
lastfm,life changing
lastfm,like being smothered in a dirty chenille blanket and that is a good thing
lastfm,lion
lastfm,liquid goth
lastfm,listen
lastfm,listen to more of this
lastfm,listening rec
lastfm,literally me
lastfm,literate
lastfm,lithuania
lastfm,lithuanian
lastfm,live
lastfm,live album
lastfm,live recording
lastfm,liver and onions
lastfm,liverpool
lastfm,living in amsterdam
lastfm,lo fi
lastfm,lo-fi
lastfm,lo-fi beat
lastfm,lo-fi hip-hop
lastfm,lo-fi indie
lastfm,lo-fi rock
lastfm,lofi
lastfm,lofi house
lastfm,lol doomergaze
lastfm,london
lastfm,loop
lastfm,lorde
lastfm,los angeles
lastfm,los van van
lastfm,lou donaldson
lastfm,lounge
lastfm,lounge pop
lastfm,love at first listen
lastfm,love-sickness emergency-care-kitt
lastfm,lovemaking
lastfm,lucinda williams
lastfm,lucy dacus
lastfm,lukumi
lastfm,lush
lastfm,lute
lastfm,m w chung
lastfm,maarten van der vleuten
lastfm,madison wi
lastfm,maeng da
lastfm,magic
lastfm,magnatune artist
lastfm,malandramente
lastfm,male vocalist
lastfm,male vocalists
lastfm,male vocals
lastfm,mambo
lastfm,manchester
lastfm,manifested
lastfm,maria peszek wymyslilaby dla tego zjawiska muzycznego jakis cudny neologizm
lastfm,mariah
lastfm,mariah carey
lastfm,marimba
lastfm,martinique
lastfm,massachusetts
lastfm,masterpiece
lastfm,matador
lastfm,math jazz
lastfm,math pop
lastfm,math rock
lastfm,math-rock
lastfm,max roach
lastfm,mc coy tyner
lastfm,mccoy tyner
lastfm,medieval
lastfm,mediterranean
lastfm,melancholic
lastfm,melancholy
lastfm,melbourne
lastfm,mellow
lastfm,mellow jazz
lastfm,melodic
lastfm,melodic death
lastfm,melodic death metal
lastfm,melodic hardcore
lastfm,melodic rock
lastfm,melodica
lastfm,memphis
lastfm,memphis soul
lastfm,merengue
lastfm,merkliste
lastfm,merseybeat
lastfm,metal
lastfm,metalcore
lastfm,metallica
lastfm,mexican
lastfm,mexican summer
lastfm,mexico
lastfm,mf doom
lastfm,mi
lastfm,miami bass
lastfm,michael leonard maiewski
lastfm,michael tilson thomas
lastfm,michigan
lastfm,microhouse
lastfm,microtonal
lastfm,midwest attacks
lastfm,midwest emo
lastfm,mild rhythmic syncopation
lastfm,mile a minute
lastfm,miles davis
lastfm,mille plateaux
lastfm,milt jackson
lastfm,milt jackson and john coltrane
lastfm,minimal
lastfm,minimal electronic
lastfm,minimal pop
lastfm,minimal synth
lastfm,minimal techno
lastfm,minimal wave
lastfm,minimalism
lastfm,minimalist
lastfm,minimalistic
lastfm,misc
lastfm,mississippi
lastfm,mixtaperoom
lastfm,mixture rock
lastfm,mjk
lastfm,mjwfm
lastfm,mod
lastfm,modal
lastfm,modal jazz
lastfm,modern classical
lastfm,modern composition
lastfm,modern jazz
lastfm,modernjazz
lastfm,mods
lastfm,modular
lastfm,modular music
lastfm,modular synth
lastfm,modular synthesizer
lastfm,mogerian
lastfm,monk
lastfm,mono
lastfm,monochrome album covers
lastfm,montreal
lastfm,moody
lastfm,moog
lastfm,moon glyph
lastfm,moroccan rap
lastfm,morocco
lastfm,morr music
lastfm,mortal kombaaaaaaat
lastfm,mortal kombat
lastfm,mostly green
lastfm,mostly orange
lastfm,mostly purple
lastfm,mostly red
lastfm,motomami
lastfm,motomano
lastfm,motown
lastfm,mournful congregation
lastfm,mp3
lastfm,mpb
lastfm,music for me only
lastfm,music for sociologists
lastfm,music for the barricades
lastfm,music to get the pussy wet
lastfm,musica tropical
lastfm,musical tropical
lastfm,musicologist
lastfm,musique concrete
lastfm,mutant techno
lastfm,my collection
lastfm,my crazy diamonds
lastfm,my gang 10
lastfm,my top songs
lastfm,mylist
lastfm,myung-whun chung
lastfm,narcotic house
lastfm,nashville
lastfm,nashville tn
lastfm,nathan tompkins
lastfm,nature recordings
lastfm,ndw
lastfm,necrolepsy
lastfm,need to rate
lastfm,neo classical
lastfm,neo rockabilly
lastfm,neo soul
lastfm,neo-classical
lastfm,neo-kraut
lastfm,neo-psychedelia
lastfm,neo-rockabilly
lastfm,neo-soul
lastfm,neo-traditionalist country
lastfm,neoclassic
lastfm,neoclassical
lastfm,neocrust
lastfm,neoperreo
lastfm,neosoul
lastfm,nervous music
lastfm,netherlands
lastfm,neue deutsche welle
lastfm,never gets old
lastfm,new
lastfm,new age
lastfm,new drake
lastfm,new indie
lastfm,new music
lastfm,new orleans
lastfm,new wave
lastfm,new weird america
lastfm,new york
lastfm,new york city
lastfm,new zealand
lastfm,new-age
lastfm,newbreed
lastfm,niagara
lastfm,nice
lastfm,nickelodeon
lastfm,nicki minaj
lastfm,nigeria
lastfm,nigerian
lastfm,nigerian dance
lastfm,night
lastfm,nighttime
lastfm,nils frahm
lastfm,ninja tune
lastfm,no wave
lastfm,nocturnal
lastfm,nocturnal blues
lastfm,noise
lastfm,noise ambient
lastfm,noise pop
lastfm,noise rock
lastfm,noise-rock
lastfm,noisecore
lastfm,noiserock
lastfm,non-classical
lastfm,noothgrush
lastfm,nordic
lastfm,norge
lastfm,north america
lastfm,north american
lastfm,north carolina
lastfm,north korean
lastfm,northern
lastfm,northern ireland
lastfm,northern soul
lastfm,norway
lastfm,not grunge
lastfm,not shoegaze
lastfm,nu disco
lastfm,nu funk
lastfm,nu jazz
lastfm,nu metal
lastfm,nu-bluz funky grooves in the e-lounge
lastfm,nu-disco
lastfm,nu-jazz
lastfm,nuestramerica
lastfm,nueva trova
lastfm,nueva trova cubana
lastfm,numero group
lastfm,nyc
lastfm,o s d montreal
lastfm,oakland
lastfm,obscure music seekers
lastfm,ofwgkta
lastfm,ohio
lastfm,olafur arnalds
lastfm,old school
lastfm,old school hardcore
lastfm,oldies
lastfm,oldschool
lastfm,olivia
lastfm,olivia is my wife
lastfm,on vinyl
lastfm,ondo
lastfm,orchester
lastfm,orchestra
lastfm,orchestral
lastfm,orchestrated music
lastfm,orchestrial
lastfm,orchid tapes
lastfm,oregon
lastfm,organ
lastfm,ost
lastfm,outsider
lastfm,outsider house
lastfm,own
lastfm,p-funk
lastfm,pablo milanes
lastfm,pachanga
lastfm,pan
lastfm,panama
lastfm,paraguay
lastfm,party
lastfm,patrice
lastfm,patrice rushen
lastfm,paul chambers
lastfm,pc music
lastfm,peaceful
lastfm,peanuts
lastfm,pearl fashion music
lastfm,percussion
lastfm,perfect
lastfm,perlon
lastfm,peru
lastfm,peruvian
lastfm,pete fracassado
lastfm,peter
lastfm,phenomenal percussion
lastfm,phil lynott
lastfm,phil spector
lastfm,philadelphia
lastfm,philly joe jones
lastfm,pianist
lastfm,piano
lastfm,piano ambient
lastfm,piano jazz
lastfm,piano solo
lastfm,piano trio
lastfm,pigfuck
lastfm,piper
lastfm,pitchfork 2023
lastfm,pitchfork best new music
lastfm,pitchfork top 100 albums of the 1990s
lastfm,pitchfork: best new music
lastfm,pittsburgh
lastfm,places
lastfm,plant-core
lastfm,plantcore
lastfm,playful
lastfm,please let me lick you
lastfm,plunderphonics
lastfm,poetry
lastfm,poetry slam
lastfm,political
lastfm,political hip hop
lastfm,political hip-hop
lastfm,political punk
lastfm,politics
lastfm,polska
lastfm,polyvinyl
lastfm,polyvinyl record co
lastfm,polyvinyl records
lastfm,pop
lastfm,pop lament
lastfm,pop punk
lastfm,pop rap
lastfm,pop rnb
lastfm,pop rock
lastfm,pop soul
lastfm,portland
lastfm,positions
lastfm,positions (deluxe)
lastfm,post
lastfm,post bop
lastfm,post core
lastfm,post folk core
lastfm,post music
lastfm,post punk
lastfm,post rock
lastfm,post-bop
lastfm,post-brexit new wave
lastfm,post-classical
lastfm,post-covid 30s
lastfm,post-disco
lastfm,post-dubstep
lastfm,post-garage
lastfm,post-grunge
lastfm,post-hardcore
lastfm,post-industrial
lastfm,post-metal
lastfm,post-minimalism
lastfm,post-music
lastfm,post-punk
lastfm,post-punk revival
lastfm,post-rap
lastfm,post-rnb
lastfm,post-rock
lastfm,post-thrash
lastfm,post-trap
lastfm,post-wave
lastfm,postmodernism
lastfm,power
lastfm,power ambient
lastfm,power metal
lastfm,power noise
lastfm,power pop
lastfm,power trio
lastfm,powerful
lastfm,powernoise
lastfm,powerpop
lastfm,powerviolence
lastfm,powwow
lastfm,pr breaks
lastfm,prestige 7100 series
lastfm,pretty good
lastfm,pretty pop
lastfm,private press
lastfm,producer
lastfm,prog
lastfm,prog psy
lastfm,prog rock
lastfm,prog-rock
lastfm,progressive
lastfm,progressive ambient
lastfm,progressive breaks
lastfm,progressive electronic
lastfm,progressive folk
lastfm,progressive house
lastfm,progressive jazz
lastfm,progressive metal
lastfm,progressive pop
lastfm,progressive psytrance
lastfm,progressive rock
lastfm,progressive trance
lastfm,progressive-rock
lastfm,proper electro
lastfm,proto-punk
lastfm,provocative
lastfm,psybient
lastfm,psych hop
lastfm,psych pop
lastfm,psych rock
lastfm,psych-folk
lastfm,psychedelia
lastfm,psychedelic
lastfm,psychedelic alternative doom post-sludge metal
lastfm,psychedelic cumbia
lastfm,psychedelic drone
lastfm,psychedelic folk
lastfm,psychedelic funk
lastfm,psychedelic metal
lastfm,psychedelic pop
lastfm,psychedelic punk
lastfm,psychedelic rock
lastfm,psychedelic soul
lastfm,psychill
lastfm,psychobilly
lastfm,psychodelic
lastfm,psytrance
lastfm,punk
lastfm,punk  77
lastfm,punk and post-punk
lastfm,punk revival
lastfm,punk rock
lastfm,pure gonzo journalism
lastfm,purple album covers
lastfm,q4 albums
lastfm,queer
lastfm,queer punk
lastfm,queercore
lastfm,quiet storm
lastfm,quirky
lastfm,quite possibly one of the best albums of 2010
lastfm,r garland
lastfm,r&b
lastfm,rac
lastfm,radio
lastfm,radiohead
lastfm,raga
lastfm,random-flows
lastfm,rap
lastfm,rap metal
lastfm,rap rock
lastfm,rapcore
lastfm,rare
lastfm,rare funk
lastfm,rare groove
lastfm,rare sad boy
lastfm,rare sad girl
lastfm,rare sads
lastfm,rarely known reggae
lastfm,rasta
lastfm,ratchet music
lastfm,rave
lastfm,raw soul
lastfm,rdcongo
lastfm,re-issue
lastfm,real post-hardcore
lastfm,records and tapes
lastfm,red
lastfm,red album cover
lastfm,red garland
lastfm,reddit
lastfm,reelin in the years
lastfm,reflective
lastfm,reggae
lastfm,reggae pop
lastfm,reggaeton
lastfm,reggaeton colombiano
lastfm,registret
lastfm,reissue
lastfm,relax
lastfm,relaxed
lastfm,relaxing
lastfm,release
lastfm,releases
lastfm,religion
lastfm,remastered 2023
lastfm,remix
lastfm,repeat
lastfm,rephlex
lastfm,republic of the congo
lastfm,retro
lastfm,retro grave
lastfm,retro soul
lastfm,retro-futuristic
lastfm,retro-soul
lastfm,rhode island
lastfm,rhubarb
lastfm,rhythm & blues
lastfm,rhythm and blues
lastfm,rhythmic noise
lastfm,richard d james
lastfm,ricky
lastfm,riot grrrl
lastfm,rise above
lastfm,rnb
lastfm,rock
lastfm,rock and roll
lastfm,rock francais
lastfm,rock mexicano
lastfm,rock n roll
lastfm,rockabilly
lastfm,rocket s adventures with dj rocket
lastfm,rocks and rolls
lastfm,rocksteady
lastfm,rod stewart
lastfm,rolling stone 500 greatest albums of all time
lastfm,romance
lastfm,romanian
lastfm,romantic
lastfm,roofbums
lastfm,roots
lastfm,roots reggae
lastfm,rough trade
lastfm,rough trade records
lastfm,rs top 100 albums 00s
lastfm,rules
lastfm,rumba
lastfm,run for cover records
lastfm,russell brand
lastfm,russia
lastfm,russian
lastfm,rusty miller
lastfm,rutracker
lastfm,sabrina carpenter
lastfm,sad
lastfm,sadcore
lastfm,sade
lastfm,saint seiya
lastfm,salsa
lastfm,samba
lastfm,samba rock
lastfm,samba soul
lastfm,sample drill
lastfm,sampledelia
lastfm,sampling
lastfm,san francisco
lastfm,sanasol
lastfm,sarcastic
lastfm,sardonic
lastfm,saturn
lastfm,saturn in sagittarius
lastfm,sax
lastfm,saxo
lastfm,saxophone
lastfm,scandinavian
lastfm,scarn pop
lastfm,schellack-schatz
lastfm,schlager
lastfm,sci-fi
lastfm,score
lastfm,scotland
lastfm,scottish
lastfm,scratch
lastfm,sean smith
lastfm,seattle
lastfm,secretly canadian
lastfm,seiyuu
lastfm,self-titled album
lastfm,sentimental
lastfm,serbia
lastfm,serbian
lastfm,sex
lastfm,sexy
lastfm,shady
lastfm,sheffield
lastfm,shelly manne
lastfm,shibuya-kei
lastfm,shit coverart
lastfm,shitgaze
lastfm,shizuoka
lastfm,shoegaze
lastfm,shoegazer
lastfm,short
lastfm,shortlist
lastfm,sigma
lastfm,singer songwriter
lastfm,singer-songwriter
lastfm,singer-songwriters
lastfm,singer/songwriter
lastfm,sitar
lastfm,ska
lastfm,skate jazz
lastfm,skateboarding
lastfm,skipless albums
lastfm,slacker rock
lastfm,slay
lastfm,sleaze
lastfm,sleaze rock
lastfm,sleep
lastfm,sleep rock
lastfm,slow
lastfm,slow alternative
lastfm,slow jam
lastfm,slowcore
lastfm,slowcore adjacent
lastfm,slowcore-n-sadcore
lastfm,sludge
lastfm,sludge metal
lastfm,smell the rot settling in
lastfm,smooth
lastfm,smooth jazz
lastfm,smooth pop
lastfm,smooth soul
lastfm,snake sessions live
lastfm,snoop dogg
lastfm,so confusing featuring lorde
lastfm,soca
lastfm,soft disco
lastfm,soft rock
lastfm,soft rock revival
lastfm,soft-rock
lastfm,solo
lastfm,son cubano
lastfm,songs that you wanna listen to over and over again
lastfm,songs to play after getting dumped when all you can do is lie facedown in your pillow
lastfm,songwriting
lastfm,sonny clark
lastfm,sonny stitt
lastfm,soothing
lastfm,sophisti-pop
lastfm,sophisticated
lastfm,sophistipop
lastfm,soty
lastfm,sought after soul
lastfm,soukous
lastfm,soul
lastfm,soul coughing
lastfm,soul jazz
lastfm,soul-jazz
lastfm,soulsoulsoul
lastfm,sound art
lastfm,sound collage
lastfm,sound performances and installations
lastfm,sounds
lastfm,soundscape
lastfm,soundtrack
lastfm,south korea
lastfm,southern gospel
lastfm,southern hip hop
lastfm,southern metal
lastfm,southern rap
lastfm,southern rock
lastfm,southern soul
lastfm,space ambient
lastfm,space americana
lastfm,space disco
lastfm,space funk
lastfm,space indie
lastfm,space jazz
lastfm,space rock
lastfm,space rock revival
lastfm,spacerock
lastfm,spain
lastfm,spanish
lastfm,spanish metal
lastfm,special
lastfm,speedcore
lastfm,spiritual
lastfm,spiritual jazz
lastfm,spokane
lastfm,spoken word
lastfm,spotify
lastfm,spring
lastfm,sst
lastfm,standards
lastfm,stanley turrentine
lastfm,start the hits
lastfm,stasis
lastfm,stax
lastfm,steve albini
lastfm,stoner
lastfm,stoner metal
lastfm,stoner rock
lastfm,stones throw
lastfm,straight edge
lastfm,stuck in my head
lastfm,sub pop
lastfm,sublime
lastfm,sublime soul
lastfm,succulent records
lastfm,summer
lastfm,summery
lastfm,sunny whirlwinds
lastfm,sunshine pop
lastfm,sunshiny day
lastfm,super
lastfm,surf
lastfm,surf music
lastfm,surf pop
lastfm,surf rock
lastfm,surfgaze
lastfm,surreal
lastfm,surrural
lastfm,swag
lastfm,sweden
lastfm,swedish
lastfm,swedish alternative rock
lastfm,swedish metal
lastfm,swedish rock
lastfm,sweet
lastfm,sweetener
lastfm,swing
lastfm,swiss
lastfm,switzerland
lastfm,sxsw 2005
lastfm,sxsw 2008
lastfm,sxsw 2017
lastfm,symphonic prog
lastfm,symphonic rock
lastfm,symphony
lastfm,symphony orchestra
lastfm,synth
lastfm,synth funk
lastfm,synth pop
lastfm,synth punk
lastfm,synth-pop
lastfm,synthesizer
lastfm,synthesizers
lastfm,synthfunk
lastfm,synthpop
lastfm,synthpunk
lastfm,synthwave
lastfm,t flanagan
lastfm,talent
lastfm,talking heads
lastfm,tangerinedreamradio
lastfm,tape music
lastfm,tasty morsels
lastfm,tech
lastfm,tech house
lastfm,tech-house
lastfm,techno
lastfm,techno kayo
lastfm,techno pop
lastfm,"techno, idm, minimal"
lastfm,technopop
lastfm,techstep
lastfm,teen pop
lastfm,temprees
lastfm,tenor sax
lastfm,tenor saxophone
lastfm,terrible
lastfm,terrorcore
lastfm,test
lastfm,texas
lastfm,texas blues
lastfm,thai singer
lastfm,thailand
lastfm,thank u
lastfm,the beatles
lastfm,the bookshelf
lastfm,the carters
lastfm,the cranberries
lastfm,the dc - 00s
lastfm,the emotions
lastfm,the flourishing zoo
lastfm,the godfather
lastfm,the kid laroi
lastfm,the l word
lastfm,the man
lastfm,the new cd
lastfm,the second coming
lastfm,the staple singers
lastfm,the temptations
lastfm,the three sounds
lastfm,the vault
lastfm,the vitamin b12
lastfm,theremin
lastfm,thergothon
lastfm,these tags suck
lastfm,things i liked about 2008
lastfm,this will destroy you
lastfm,thrash metal
lastfm,thrill jockey
lastfm,thumb up
lastfm,timba
lastfm,time warp compilation
lastfm,tina broolks
lastfm,title is a full sentence
lastfm,title is declarative
lastfm,tmonk
lastfm,to explore
lastfm,to get
lastfm,to listen
lastfm,tokyo
lastfm,tom waits
lastfm,tommy flanagan
lastfm,tonefloat
lastfm,too cool for genres
lastfm,top progressive metal albums of all time
lastfm,tops
lastfm,toronto
lastfm,torts
lastfm,tot he taw a puddy tat
lastfm,totec radio
lastfm,traditional pop
lastfm,trance
lastfm,tranquilizerdronegaze
lastfm,trans
lastfm,transcendent
lastfm,transgressive
lastfm,transonic records
lastfm,trap
lastfm,trap latino
lastfm,trap pop
lastfm,trap rap
lastfm,treehorn
lastfm,tremolo radio
lastfm,tribal ambient
lastfm,tribal house
lastfm,trio
lastfm,trip hop
lastfm,trip-hop
lastfm,trippy
lastfm,trombone
lastfm,tronicram
lastfm,tropical
lastfm,tropicalia
lastfm,trova
lastfm,trumpet
lastfm,try
lastfm,tucson
lastfm,turntablism
lastfm,turntablists
lastfm,turquoise and coral
lastfm,twee
lastfm,twee pop
lastfm,twee punk
lastfm,tweegaze
lastfm,twerk
lastfm,twerk anthem
lastfm,two or more artists with the same name
lastfm,uk
lastfm,uk 80s
lastfm,uk bass
lastfm,uk diy
lastfm,uk drill
lastfm,uk funky
lastfm,uk garage
lastfm,uk hip hop
lastfm,ukrainian
lastfm,ukulele
lastfm,under 2000 listeners
lastfm,under 2000 spotify followers
lastfm,underground
lastfm,underground hip hop
lastfm,underground hip-hop
lastfm,underground rap
lastfm,underrated
lastfm,underwater peoples
lastfm,underwater peoples records
lastfm,unique
lastfm,united kingdom
lastfm,united states
lastfm,united states of america
lastfm,unitedstatish
lastfm,unknown country
lastfm,unnecessary
lastfm,upcoming album 2022
lastfm,upcoming album 2023
lastfm,upcoming album 2024
lastfm,upcoming album 2025
lastfm,uplifting
lastfm,upper volta
lastfm,urban
lastfm,urusei yatsura
lastfm,us
lastfm,usa
lastfm,valentina
lastfm,vancouver
lastfm,vaporwave
lastfm,verve
lastfm,verve records
lastfm,very-rare
lastfm,vibes
lastfm,vibrafono
lastfm,vibraphone
lastfm,video
lastfm,video game music
lastfm,vidwo
lastfm,vintage soul
lastfm,vinyl
lastfm,vinyl i own
lastfm,violin
lastfm,virginia
lastfm,visual kei
lastfm,vk music
lastfm,vocal
lastfm,vocal group
lastfm,vocal jazz
lastfm,vocal surf
lastfm,vocoder
lastfm,vogue
lastfm,voice actress
lastfm,voodoo
lastfm,vtuber
lastfm,vyrzukhisuc-album
lastfm,wall of sound
lastfm,want to see live
lastfm,warm
lastfm,warner music
lastfm,warp
lastfm,warp records
lastfm,wayne shorter
lastfm,welsh
lastfm,west africa
lastfm,west african
lastfm,west african funk
lastfm,west coast
lastfm,west coast hip hop
lastfm,west coast jazz
lastfm,west coast rap
lastfm,western
lastfm,western ambient
lastfm,western classical music
lastfm,western vinyl
lastfm,wfmu heavily played records
lastfm,whalecore
lastfm,what the hell happened to my taste in music
lastfm,whats your rupture
lastfm,white people music
lastfm,will be famous
lastfm,willie bobo
lastfm,willie burns
lastfm,winter
lastfm,winter 20
lastfm,wisconsin
lastfm,wish to come back to ellokal
lastfm,wishlist
lastfm,wistful
lastfm,witch house
lastfm,witty
lastfm,wonderful
lastfm,wonky
lastfm,woodsist
lastfm,word became flesh
lastfm,word of god
lastfm,world
lastfm,world fusion
lastfm,world music
lastfm,world/african
lastfm,worldchill
lastfm,wry
lastfm,wsum 91.7 fm madison
lastfm,wtf
lastfm,wu-tang
lastfm,wu-tang clan
lastfm,xenharmonic
lastfm,xl recordings
lastfm,yacht rock
lastfm,yandex music
lastfm,yasutaka nakata
lastfm,yay
lastfm,yeah
lastfm,yearning
lastfm,yellow
lastfm,yes
lastfm,yip
lastfm,ymo
lastfm,you are welcome in poland
lastfm,you don t know schmidt
lastfm,youth crew
lastfm,youtube
lastfm,zaire
lastfm,zambia
lastfm,zamrock
lastfm,zeitspalte
lastfm,zeuhl
lastfm,zolo
lastfm,zoomergaze
lastfm,zz top
lastfm,"électronique, ambient"
lastfm,электронная музыка
musicbrainz,1996
musicbrainz,2-step
musicbrainz,2010s
musicbrainz,4ad
musicbrainz,60s
musicbrainz,aaron
musicbrainz,abstract
musicbrainz,abstract hip hop
musicbrainz,acid
musicbrainz,acid breaks
musicbrainz,acid house
musicbrainz,acid jazz
musicbrainz,acid rock
musicbrainz,acid techno
musicbrainz,acoustic
musicbrainz,acoustic rock
musicbrainz,actors
musicbrainz,adult alternative pop/rock
musicbrainz,adult contemporary
musicbrainz,african
musicbrainz,afro house
musicbrainz,afro rock
musicbrainz,afro-cuban jazz
musicbrainz,afro-funk
musicbrainz,afro-jazz
musicbrainz,afrobeat
musicbrainz,afrobeats
musicbrainz,aggrotech
musicbrainz,album rock
musicbrainz,alt rock
musicbrainz,alt-country
musicbrainz,alternative
musicbrainz,alternative and punk
musicbrainz,alternative country
musicbrainz,alternative dance
musicbrainz,alternative folk
musicbrainz,alternative hip hop
musicbrainz,alternative metal
musicbrainz,alternative pop
musicbrainz,alternative pop/rock
musicbrainz,alternative punk
musicbrainz,alternative r&b
musicbrainz,alternative rap
musicbrainz,alternative rock
musicbrainz,alternative/indie rock
musicbrainz,am pop
musicbrainz,ambient
musicbrainz,ambient americana
musicbrainz,ambient dub
musicbrainz,ambient house
musicbrainz,ambient pop
musicbrainz,ambient techno
musicbrainz,american
musicbrainz,american primitive guitar
musicbrainz,americana
musicbrainz,américain
musicbrainz,anarcho-punk
musicbrainz,animal on cover
musicbrainz,aor
musicbrainz,arena rock
musicbrainz,art pop
musicbrainz,art punk
musicbrainz,art rock
musicbrainz,art song
musicbrainz,artist on cover
musicbrainz,atmospheric drum and bass
musicbrainz,audio drama
musicbrainz,avant-folk
musicbrainz,avant-garde
musicbrainz,avant-garde jazz
musicbrainz,avant-garde pop
musicbrainz,avant-prog
musicbrainz,avantgarde
musicbrainz,avocado on cover
musicbrainz,ballad
musicbrainz,ballroom house
musicbrainz,baroque
musicbrainz,baroque pop
musicbrainz,bassline
musicbrainz,beat music
musicbrainz,beat poetry
musicbrainz,bebop
musicbrainz,bedroom pop
musicbrainz,belgian techno
musicbrainz,berlin school
musicbrainz,big band
musicbrainz,big beat
musicbrainz,bitpop
musicbrainz,bittersweet
musicbrainz,black metal
musicbrainz,blaxploitation
musicbrainz,bleep techno
musicbrainz,blue-eyed soul
musicbrainz,bluegrass
musicbrainz,blues
musicbrainz,blues rock
musicbrainz,boogie
musicbrainz,boom bap
musicbrainz,bop
musicbrainz,bossa nova
musicbrainz,bowie
musicbrainz,boy band
musicbrainz,braindance
musicbrainz,brazilian
musicbrainz,breakbeat
musicbrainz,breakcore
musicbrainz,breaks
musicbrainz,brill building
musicbrainz,brit pop
musicbrainz,british
musicbrainz,british blues
musicbrainz,british folk rock
musicbrainz,british rhythm & blues
musicbrainz,britpop
musicbrainz,broken beat
musicbrainz,broken transmission
musicbrainz,brostep
musicbrainz,bubblegum
musicbrainz,bubblegum bass
musicbrainz,bubblegum pop
musicbrainz,c86
musicbrainz,canadian
musicbrainz,cat on cover
musicbrainz,celtic rock
musicbrainz,chamber folk
musicbrainz,chamber jazz
musicbrainz,chamber music
musicbrainz,chamber pop
musicbrainz,chicago
musicbrainz,chicago soul
musicbrainz,chillout
musicbrainz,chillwave
musicbrainz,chipmunk soul
musicbrainz,christian metal
musicbrainz,christian rock
musicbrainz,christmas
musicbrainz,christmas music
musicbrainz,city pop
musicbrainz,classic rock
musicbrainz,classic soul r b
musicbrainz,classical
musicbrainz,classical crossover
musicbrainz,cloud rap
musicbrainz,club
musicbrainz,cocktail nation
musicbrainz,coldwave
musicbrainz,college rock
musicbrainz,comedy rock
musicbrainz,compilation
musicbrainz,composer
musicbrainz,congolese rumba
musicbrainz,conscious
musicbrainz,conscious hip hop
musicbrainz,contemporary classical
musicbrainz,contemporary country
musicbrainz,contemporary folk
musicbrainz,contemporary gospel
musicbrainz,contemporary jazz
musicbrainz,contemporary pop/rock
musicbrainz,contemporary r b
musicbrainz,contemporary r&b
musicbrainz,cool jazz
musicbrainz,country
musicbrainz,country folk
musicbrainz,country pop
musicbrainz,country rock
musicbrainz,country soul
musicbrainz,cowpunk
musicbrainz,crossover jazz
musicbrainz,crossover thrash
musicbrainz,cumbia
musicbrainz,cumbia peruana
musicbrainz,dafuture
musicbrainz,dance
musicbrainz,dance punk
musicbrainz,dance-pop
musicbrainz,dance-punk
musicbrainz,dance-punk revival
musicbrainz,dance-rock
musicbrainz,dancehall
musicbrainz,dark
musicbrainz,dark ambient
musicbrainz,dark cabaret
musicbrainz,dark jazz
musicbrainz,dark wave
musicbrainz,darksynth
musicbrainz,darkwave
musicbrainz,deconstructed club
musicbrainz,deejay
musicbrainz,deep funk
musicbrainz,deep house
musicbrainz,deep soul
musicbrainz,delta blues
musicbrainz,desert rock
musicbrainz,detroit techno
musicbrainz,digital hardcore
musicbrainz,dirty south
musicbrainz,disco
musicbrainz,doo-wop
musicbrainz,doom metal
musicbrainz,doomgaze
musicbrainz,downtempo
musicbrainz,dream pop
musicbrainz,dream trance
musicbrainz,drill and bass
musicbrainz,drone
musicbrainz,drugs
musicbrainz,drum and bass
musicbrainz,dub
musicbrainz,dub techno
musicbrainz,dubstep
musicbrainz,eai
musicbrainz,early pop/rock
musicbrainz,east coast hip hop
musicbrainz,easy listening
musicbrainz,ebm
musicbrainz,eclectic
musicbrainz,edm
musicbrainz,electric blues
musicbrainz,electro
musicbrainz,electro house
musicbrainz,electro-disco
musicbrainz,electro-funk
musicbrainz,electro-industrial
musicbrainz,electroacoustic
musicbrainz,electroclash
musicbrainz,electronic
musicbrainz,electronic rock
musicbrainz,electronica
musicbrainz,electronica dance
musicbrainz,electropop
musicbrainz,electropunk
musicbrainz,emo
musicbrainz,emo pop
musicbrainz,emo rap
musicbrainz,emocore
musicbrainz,english
musicbrainz,epic collage
musicbrainz,ethereal
musicbrainz,ethereal wave
musicbrainz,europop
musicbrainz,exotica
musicbrainz,experimental
musicbrainz,experimental big band
musicbrainz,experimental electronic
musicbrainz,experimental hip hop
musicbrainz,experimental rock
musicbrainz,female vocalist
musicbrainz,field recording
musicbrainz,film soundtrack
musicbrainz,flamenco
musicbrainz,flamenco pop
musicbrainz,folk
musicbrainz,folk baroque
musicbrainz,folk metal
musicbrainz,folk pop
musicbrainz,folk punk
musicbrainz,folk rock
musicbrainz,folktronica
musicbrainz,freak folk
musicbrainz,free folk
musicbrainz,free improvisation
musicbrainz,free jazz
musicbrainz,freestyle
musicbrainz,french house
musicbrainz,funk
musicbrainz,funk / soul
musicbrainz,funk metal
musicbrainz,funk rock
musicbrainz,funk soul
musicbrainz,funktronica
musicbrainz,funky breaks
musicbrainz,funky house
musicbrainz,fusion
musicbrainz,future bass
musicbrainz,future funk
musicbrainz,future garage
musicbrainz,future jazz
musicbrainz,gangsta rap
musicbrainz,garage house
musicbrainz,garage psych
musicbrainz,garage punk
musicbrainz,garage rock
musicbrainz,garage rock revival
musicbrainz,geek rock
musicbrainz,german
musicbrainz,glam
musicbrainz,glam metal
musicbrainz,glam rock
musicbrainz,glitch
musicbrainz,glitch hop
musicbrainz,glitch pop
musicbrainz,gnawa
musicbrainz,gospel
musicbrainz,goth rock
musicbrainz,gothic
musicbrainz,gothic rock
musicbrainz,grunge
musicbrainz,hard bop
musicbrainz,hard rock
musicbrainz,hardcore
musicbrainz,hardcore hip hop
musicbrainz,hardcore punk
musicbrainz,hauntology
musicbrainz,heavy metal
musicbrainz,heavy psych
musicbrainz,hi-nrg
musicbrainz,highlife
musicbrainz,hip hop
musicbrainz,hip hop soul
musicbrainz,hip house
musicbrainz,hip-hop
musicbrainz,horror punk
musicbrainz,horrorcore
musicbrainz,house
musicbrainz,hyperpop
musicbrainz,hypnagogic pop
musicbrainz,idm
musicbrainz,illbient
musicbrainz,indeterminacy
musicbrainz,indie
musicbrainz,indie folk
musicbrainz,indie pop
musicbrainz,indie rock
musicbrainz,indie surf
musicbrainz,indietronica
musicbrainz,industrial
musicbrainz,industrial metal
musicbrainz,industrial rock
musicbrainz,instrumental
musicbrainz,instrumental hip hop
musicbrainz,instrumental jazz
musicbrainz,instrumental rock
musicbrainz,integral serialism
musicbrainz,irish
musicbrainz,italo dance
musicbrainz,italo-disco
musicbrainz,j dilla
musicbrainz,j-pop
musicbrainz,j-rock
musicbrainz,jam band
musicbrainz,jangle pop
musicbrainz,japanese classical
musicbrainz,jazz
musicbrainz,jazz blues
musicbrainz,jazz funk
musicbrainz,jazz fusion
musicbrainz,jazz house
musicbrainz,jazz instrument
musicbrainz,jazz poetry
musicbrainz,jazz pop
musicbrainz,jazz rap
musicbrainz,jazz rock
musicbrainz,jazz-funk
musicbrainz,jazz-rock
musicbrainz,jazzstep
musicbrainz,jersey club
musicbrainz,jungle
musicbrainz,jùjú
musicbrainz,kankyō ongaku
musicbrainz,kayōkyoku
musicbrainz,krautrock
musicbrainz,latin
musicbrainz,latin jazz
musicbrainz,latin pop
musicbrainz,leftfield
musicbrainz,lo-fi
musicbrainz,lo-fi hip hop
musicbrainz,lo-fi indie
musicbrainz,lounge
musicbrainz,lovers rock
musicbrainz,madchester
musicbrainz,mainstream rock
musicbrainz,math pop
musicbrainz,math rock
musicbrainz,melodic house
musicbrainz,melodic techno
musicbrainz,merseybeat
musicbrainz,metal
musicbrainz,miami bass
musicbrainz,microhouse
musicbrainz,microsound
musicbrainz,microtonal classical
musicbrainz,midtempo bass
musicbrainz,midwest emo
musicbrainz,miles davis
musicbrainz,minimal
musicbrainz,minimal synth
musicbrainz,minimal techno
musicbrainz,minimal wave
musicbrainz,minimalism
musicbrainz,minneapolis sound
musicbrainz,mod
musicbrainz,modal
musicbrainz,modal jazz
musicbrainz,modern classical
musicbrainz,modern creative
musicbrainz,moogsploitation
musicbrainz,motown
musicbrainz,mpb
musicbrainz,music hall
musicbrainz,musique concrète
musicbrainz,nashville sound
musicbrainz,neo soul
musicbrainz,neo-acoustic
musicbrainz,neo-progressive rock
musicbrainz,neo-psychedelia
musicbrainz,neo-rockabilly
musicbrainz,neo-soul
musicbrainz,neoclassical new age
musicbrainz,neoclassicism
musicbrainz,neofolk
musicbrainz,neue deutsche welle
musicbrainz,new age
musicbrainz,new jack swing
musicbrainz,new rave
musicbrainz,new wave
musicbrainz,no wave
musicbrainz,noise
musicbrainz,noise pop
musicbrainz,noise rock
musicbrainz,non-music
musicbrainz,northern soul
musicbrainz,nu disco
musicbrainz,nu funk
musicbrainz,nu jazz
musicbrainz,nu metal
musicbrainz,nueva trova
musicbrainz,nyū myūjikku
musicbrainz,opera
musicbrainz,orchestral
musicbrainz,orchestral music
musicbrainz,organic house
musicbrainz,outsider
musicbrainz,outsider house
musicbrainz,p-funk
musicbrainz,p.funk
musicbrainz,peak time techno
musicbrainz,piano jazz
musicbrainz,piano rock
musicbrainz,pigfuck
musicbrainz,plunderphonics
musicbrainz,poetry
musicbrainz,political
musicbrainz,political hip hop
musicbrainz,pop
musicbrainz,pop punk
musicbrainz,pop rap
musicbrainz,pop rock
musicbrainz,pop soul
musicbrainz,post bop
musicbrainz,post rock
musicbrainz,post-bop
musicbrainz,post-britpop
musicbrainz,post-dubstep
musicbrainz,post-hardcore
musicbrainz,post-industrial
musicbrainz,post-metal
musicbrainz,post-minimalism
musicbrainz,post-punk
musicbrainz,post-punk revival
musicbrainz,post-rock
musicbrainz,power noise
musicbrainz,power pop
musicbrainz,production music
musicbrainz,prog rock
musicbrainz,prog-rock
musicbrainz,progressive
musicbrainz,progressive electronic
musicbrainz,progressive folk
musicbrainz,progressive house
musicbrainz,progressive metal
musicbrainz,progressive pop
musicbrainz,progressive rock
musicbrainz,progressive soul
musicbrainz,progressive trance
musicbrainz,proto doom
musicbrainz,proto-punk
musicbrainz,psychedelic
musicbrainz,psychedelic folk
musicbrainz,psychedelic pop
musicbrainz,psychedelic rock
musicbrainz,psychedelic soul
musicbrainz,psychobilly
musicbrainz,punk
musicbrainz,punk blues
musicbrainz,punk poetry
musicbrainz,punk rock
musicbrainz,queer
musicbrainz,quiet storm
musicbrainz,r b
musicbrainz,r&b
musicbrainz,rap
musicbrainz,rap metal
musicbrainz,rap rock
musicbrainz,reggae
musicbrainz,reggae rock
musicbrainz,reggaeton
musicbrainz,rhythm & blues
musicbrainz,rnb
musicbrainz,rnb swing
musicbrainz,rnb/swing
musicbrainz,rock
musicbrainz,rock and roll
musicbrainz,rock/pop
musicbrainz,roots reggae
musicbrainz,salsa
musicbrainz,samba
musicbrainz,sampledelia
musicbrainz,sarcastic
musicbrainz,scottish
musicbrainz,seattle
musicbrainz,self-titled
musicbrainz,shibuya-kei
musicbrainz,shoegaze
musicbrainz,shoegazer
musicbrainz,singer-songwriter
musicbrainz,singer/songwriter
musicbrainz,sketch comedy
musicbrainz,slacker rock
musicbrainz,slam poetry
musicbrainz,slowcore
musicbrainz,sludge metal
musicbrainz,smooth jazz
musicbrainz,smooth soul
musicbrainz,soft rock
musicbrainz,sonata
musicbrainz,sophisti-pop
musicbrainz,soukous
musicbrainz,soul
musicbrainz,soul blues
musicbrainz,soul jazz
musicbrainz,sound art
musicbrainz,sound collage
musicbrainz,soundtrack
musicbrainz,southern hip hop
musicbrainz,southern rap
musicbrainz,southern rock
musicbrainz,southern soul
musicbrainz,space age pop
musicbrainz,space ambient
musicbrainz,space rock
musicbrainz,space rock revival
musicbrainz,special purpose
musicbrainz,special purpose artist
musicbrainz,speed garage
musicbrainz,speed metal
musicbrainz,spiritual jazz
musicbrainz,spoken word
musicbrainz,stoner metal
musicbrainz,stoner rock
musicbrainz,stride
musicbrainz,sunshine pop
musicbrainz,surf
musicbrainz,surf rock
musicbrainz,swedish
musicbrainz,swing
musicbrainz,symphonic prog
musicbrainz,symphonic rock
musicbrainz,synth funk
musicbrainz,synth-pop
musicbrainz,synthpop
musicbrainz,synthwave
musicbrainz,t-pop
musicbrainz,tape music
musicbrainz,tech house
musicbrainz,technical
musicbrainz,techno
musicbrainz,techno kayō
musicbrainz,techstep
musicbrainz,third stream
musicbrainz,thrash metal
musicbrainz,timba
musicbrainz,totalism
musicbrainz,traditional doom metal
musicbrainz,traditional pop
musicbrainz,trance
musicbrainz,transcendental auditory experience
musicbrainz,trap
musicbrainz,trap soul
musicbrainz,trip hop
musicbrainz,trip-hop
musicbrainz,turntablism
musicbrainz,twee pop
musicbrainz,uk garage
musicbrainz,uk rave
musicbrainz,uk street soul
musicbrainz,underground hip hop
musicbrainz,united kingdom
musicbrainz,urban
musicbrainz,urban cowboy
musicbrainz,urban crossover
musicbrainz,utopian virtual
musicbrainz,vaporwave
musicbrainz,visual album
musicbrainz,visual kei
musicbrainz,vocal house
musicbrainz,vocal jazz
musicbrainz,vocal surf
musicbrainz,warp
musicbrainz,west coast hip hop
musicbrainz,western classical
musicbrainz,whalecore
musicbrainz,wonky
musicbrainz,world fusion
musicbrainz,worldbeat
musicbrainz,yacht rock
musicbrainz,zamrock
musicbrainz,zolo
